incident_energy,boxcar1,boxcar2,boxcar3,boxcar4
0.0100,0.0000,0.0000,0.0000,0.0000
0.0101,0.0000,0.0000,0.0000,0.0000
0.0102,0.0000,0.0000,0.0000,0.0000
0.0103,0.0000,0.0000,0.0000,0.0000
0.0104,0.0000,0.0000,0.0000,0.0000
0.0105,0.0000,0.0000,0.0000,0.0000
0.0106,0.0000,0.0000,0.0000,0.0000
0.0107,0.0000,0.0000,0.0000,0.0000
0.0108,0.0000,0.0000,0.0000,0.0000
0.0109,0.0000,0.0000,0.0000,0.0000
0.0110,0.0000,0.0000,0.0000,0.0000
0.0111,0.0000,0.0000,0.0000,0.0000
0.0112,0.0000,0.0000,0.0000,0.0000
0.0113,0.0000,0.0000,0.0000,0.0000
0.0114,0.0000,0.0000,0.0000,0.0000
0.0115,0.0000,0.0000,0.0000,0.0000
0.0116,0.0000,0.0000,0.0000,0.0000
0.0117,0.0000,0.0000,0.0000,0.0000
0.0118,0.0000,0.0000,0.0000,0.0000
0.0119,0.0000,0.0000,0.0000,0.0000
0.0120,0.0000,0.0000,0.0000,0.0000
0.0121,0.0000,0.0000,0.0000,0.0000
0.0122,0.0000,0.0000,0.0000,0.0000
0.0124,0.0000,0.0000,0.0000,0.0000
0.0125,0.0000,0.0000,0.0000,0.0000
0.0126,0.0000,0.0000,0.0000,0.0000
0.0127,0.0000,0.0000,0.0000,0.0000
0.0128,0.0000,0.0000,0.0000,0.0000
0.0129,0.0000,0.0000,0.0000,0.0000
0.0130,0.0000,0.0000,0.0000,0.0000
0.0132,0.0000,0.0000,0.0000,0.0000
0.0133,0.0000,0.0000,0.0000,0.0000
0.0134,0.0000,0.0000,0.0000,0.0000
0.0135,0.0000,0.0000,0.0000,0.0000
0.0136,0.0000,0.0000,0.0000,0.0000
0.0138,0.0000,0.0000,0.0000,0.0000
0.0139,0.0000,0.0000,0.0000,0.0000
0.0140,0.0000,0.0000,0.0000,0.0000
0.0141,0.0000,0.0000,0.0000,0.0000
0.0143,0.0000,0.0000,0.0000,0.0000
0.0144,0.0000,0.0000,0.0000,0.0000
0.0145,0.0000,0.0000,0.0000,0.0000
0.0147,0.0000,0.0000,0.0000,0.0000
0.0148,0.0000,0.0000,0.0000,0.0000
0.0149,0.0000,0.0000,0.0000,0.0000
0.0151,0.0000,0.0000,0.0000,0.0000
0.0152,0.0000,0.0000,0.0000,0.0000
0.0153,0.0000,0.0000,0.0000,0.0000
0.0155,0.0000,0.0000,0.0000,0.0000
0.0156,0.0000,0.0000,0.0000,0.0000
0.0157,0.0000,0.0000,0.0000,0.0000
0.0159,0.0000,0.0000,0.0000,0.0000
0.0160,0.0000,0.0000,0.0000,0.0000
0.0162,0.0000,0.0000,0.0000,0.0000
0.0163,0.0000,0.0000,0.0000,0.0000
0.0165,0.0000,0.0000,0.0000,0.0000
0.0166,0.0000,0.0000,0.0000,0.0000
0.0168,0.0000,0.0000,0.0000,0.0000
0.0169,0.0000,0.0000,0.0000,0.0000
0.0171,0.0000,0.0000,0.0000,0.0000
0.0172,0.0000,0.0000,0.0000,0.0000
0.0174,0.0000,0.0000,0.0000,0.0000
0.0175,0.0000,0.0000,0.0000,0.0000
0.0177,0.0000,0.0000,0.0000,0.0000
0.0179,0.0000,0.0000,0.0000,0.0000
0.0180,0.0000,0.0000,0.0000,0.0000
0.0182,0.0000,0.0000,0.0000,0.0000
0.0184,0.0000,0.0000,0.0000,0.0000
0.0185,0.0000,0.0000,0.0000,0.0000
0.0187,0.0000,0.0000,0.0000,0.0000
0.0189,0.0000,0.0000,0.0000,0.0000
0.0190,0.0000,0.0000,0.0000,0.0000
0.0192,0.0000,0.0000,0.0000,0.0000
0.0194,0.0000,0.0000,0.0000,0.0000
0.0195,0.0000,0.0000,0.0000,0.0000
0.0197,0.0000,0.0000,0.0000,0.0000
0.0199,0.0000,0.0000,0.0000,0.0000
0.0201,0.0000,0.0000,0.0000,0.0000
0.0203,0.0000,0.0000,0.0000,0.0000
0.0204,0.0000,0.0000,0.0000,0.0000
0.0206,0.0000,0.0000,0.0000,0.0000
0.0208,0.0000,0.0000,0.0000,0.0000
0.0210,0.0000,0.0000,0.0000,0.0000
0.0212,0.0000,0.0000,0.0000,0.0000
0.0214,0.0000,0.0000,0.0000,0.0000
0.0216,0.0000,0.0000,0.0000,0.0000
0.0218,0.0000,0.0000,0.0000,0.0000
0.0220,0.0000,0.0000,0.0000,0.0000
0.0222,0.0000,0.0000,0.0000,0.0000
0.0224,0.0000,0.0000,0.0000,0.0000
0.0226,0.0000,0.0000,0.0000,0.0000
0.0228,0.0000,0.0000,0.0000,0.0000
0.0230,0.0000,0.0000,0.0000,0.0000
0.0232,0.0000,0.0000,0.0000,0.0000
0.0234,0.0000,0.0000,0.0000,0.0000
0.0236,0.0000,0.0000,0.0000,0.0000
0.0238,0.0000,0.0000,0.0000,0.0000
0.0240,0.0000,0.0000,0.0000,0.0000
0.0243,0.0000,0.0000,0.0000,0.0000
0.0245,0.0000,0.0000,0.0000,0.0000
0.0247,0.0000,0.0000,0.0000,0.0000
0.0249,0.0000,0.0000,0.0000,0.0000
0.0251,0.0000,0.0000,0.0000,0.0000
0.0254,0.0000,0.0000,0.0000,0.0000
0.0256,0.0000,0.0000,0.0000,0.0000
0.0258,0.0000,0.0000,0.0000,0.0000
0.0261,0.0000,0.0000,0.0000,0.0000
0.0263,0.0000,0.0000,0.0000,0.0000
0.0265,0.0000,0.0000,0.0000,0.0000
0.0268,0.0000,0.0000,0.0000,0.0000
0.0270,0.0000,0.0000,0.0000,0.0000
0.0273,0.0000,0.0000,0.0000,0.0000
0.0275,0.0000,0.0000,0.0000,0.0000
0.0278,0.0000,0.0000,0.0000,0.0000
0.0280,0.0000,0.0000,0.0000,0.0000
0.0283,0.0000,0.0000,0.0000,0.0000
0.0285,0.0000,0.0000,0.0000,0.0000
0.0288,0.0000,0.0000,0.0000,0.0000
0.0290,0.0000,0.0000,0.0000,0.0000
0.0293,0.0000,0.0000,0.0000,0.0000
0.0296,0.0000,0.0000,0.0000,0.0000
0.0298,0.0000,0.0000,0.0000,0.0000
0.0301,0.0000,0.0000,0.0000,0.0000
0.0304,0.0000,0.0000,0.0000,0.0000
0.0306,0.0000,0.0000,0.0000,0.0000
0.0309,0.0000,0.0000,0.0000,0.0000
0.0312,0.0000,0.0000,0.0000,0.0000
0.0315,0.0000,0.0000,0.0000,0.0000
0.0318,0.0000,0.0000,0.0000,0.0000
0.0321,0.0000,0.0000,0.0000,0.0000
0.0323,0.0000,0.0000,0.0000,0.0000
0.0326,0.0000,0.0000,0.0000,0.0000
0.0329,0.0000,0.0000,0.0000,0.0000
0.0332,0.0000,0.0000,0.0000,0.0000
0.0335,0.0000,0.0000,0.0000,0.0000
0.0338,0.0000,0.0000,0.0000,0.0000
0.0341,0.0000,0.0000,0.0000,0.0000
0.0344,0.0000,0.0000,0.0000,0.0000
0.0348,0.0000,0.0000,0.0000,0.0000
0.0351,0.0000,0.0000,0.0000,0.0000
0.0354,0.0000,0.0000,0.0000,0.0000
0.0357,0.0000,0.0000,0.0000,0.0000
0.0360,0.0000,0.0000,0.0000,0.0000
0.0364,0.0000,0.0000,0.0000,0.0000
0.0367,0.0000,0.0000,0.0000,0.0000
0.0370,0.0000,0.0000,0.0000,0.0000
0.0373,0.0000,0.0000,0.0000,0.0000
0.0377,0.0000,0.0000,0.0000,0.0000
0.0380,0.0000,0.0000,0.0000,0.0000
0.0384,0.0000,0.0000,0.0000,0.0000
0.0387,0.0000,0.0000,0.0000,0.0000
0.0391,0.0000,0.0000,0.0000,0.0000
0.0394,0.0000,0.0000,0.0000,0.0000
0.0398,0.0000,0.0000,0.0000,0.0000
0.0401,0.0000,0.0000,0.0000,0.0000
0.0405,0.0000,0.0000,0.0000,0.0000
0.0409,0.0000,0.0000,0.0000,0.0000
0.0412,0.0000,0.0000,0.0000,0.0000
0.0416,0.0000,0.0000,0.0000,0.0000
0.0420,0.0000,0.0000,0.0000,0.0000
0.0424,0.0000,0.0000,0.0000,0.0000
0.0427,0.0000,0.0000,0.0000,0.0000
0.0431,0.0000,0.0000,0.0000,0.0000
0.0435,0.0000,0.0000,0.0000,0.0000
0.0439,0.0000,0.0000,0.0000,0.0000
0.0443,0.0000,0.0000,0.0000,0.0000
0.0447,0.0000,0.0000,0.0000,0.0000
0.0451,0.0000,0.0000,0.0000,0.0000
0.0455,0.0000,0.0000,0.0000,0.0000
0.0459,0.0000,0.0000,0.0000,0.0000
0.0463,0.0000,0.0000,0.0000,0.0000
0.0468,0.0000,0.0000,0.0000,0.0000
0.0472,0.0000,0.0000,0.0000,0.0000
0.0476,0.0000,0.0000,0.0000,0.0000
0.0480,0.0000,0.0000,0.0000,0.0000
0.0485,0.0000,0.0000,0.0000,0.0000
0.0489,0.0000,0.0000,0.0000,0.0000
0.0494,0.0000,0.0000,0.0000,0.0000
0.0498,0.0000,0.0000,0.0000,0.0000
0.0503,0.0000,0.0000,0.0000,0.0000
0.0507,0.0000,0.0000,0.0000,0.0000
0.0512,0.0000,0.0000,0.0000,0.0000
0.0516,0.0000,0.0000,0.0000,0.0000
0.0521,0.0000,0.0000,0.0000,0.0000
0.0526,0.0000,0.0000,0.0000,0.0000
0.0530,0.0000,0.0000,0.0000,0.0000
0.0535,0.0000,0.0000,0.0000,0.0000
0.0540,0.0000,0.0000,0.0000,0.0000
0.0545,0.0000,0.0000,0.0000,0.0000
0.0550,0.0000,0.0000,0.0000,0.0000
0.0555,0.0000,0.0000,0.0000,0.0000
0.0560,0.0000,0.0000,0.0000,0.0000
0.0565,0.0000,0.0000,0.0000,0.0000
0.0570,0.0000,0.0000,0.0000,0.0000
0.0575,0.0000,0.0000,0.0000,0.0000
0.0580,0.0000,0.0000,0.0000,0.0000
0.0586,0.0000,0.0000,0.0000,0.0000
0.0591,0.0000,0.0000,0.0000,0.0000
0.0596,0.0000,0.0000,0.0000,0.0000
0.0602,0.0000,0.0000,0.0000,0.0000
0.0607,0.0000,0.0000,0.0000,0.0000
0.0613,0.0000,0.0000,0.0000,0.0000
0.0618,0.0000,0.0000,0.0000,0.0000
0.0624,0.0000,0.0000,0.0000,0.0000
0.0629,0.0000,0.0000,0.0000,0.0000
0.0635,0.0000,0.0000,0.0000,0.0000
0.0641,0.0000,0.0000,0.0000,0.0000
0.0646,0.0000,0.0000,0.0000,0.0000
0.0652,0.0000,0.0000,0.0000,0.0000
0.0658,0.0000,0.0000,0.0000,0.0000
0.0664,0.0000,0.0000,0.0000,0.0000
0.0670,0.0000,0.0000,0.0000,0.0000
0.0676,0.0000,0.0000,0.0000,0.0000
0.0682,0.0000,0.0000,0.0000,0.0000
0.0688,0.0000,0.0000,0.0000,0.0000
0.0695,0.0000,0.0000,0.0000,0.0000
0.0701,1.0000,0.0000,0.0000,0.0000
0.0707,1.0000,0.0000,0.0000,0.0000
0.0714,1.0000,0.0000,0.0000,0.0000
0.0720,1.0000,0.0000,0.0000,0.0000
0.0727,1.0000,0.0000,0.0000,0.0000
0.0733,1.0000,0.0000,0.0000,0.0000
0.0740,1.0000,0.0000,0.0000,0.0000
0.0747,1.0000,0.0000,0.0000,0.0000
0.0753,1.0000,0.0000,0.0000,0.0000
0.0760,1.0000,0.0000,0.0000,0.0000
0.0767,1.0000,0.0000,0.0000,0.0000
0.0774,1.0000,0.0000,0.0000,0.0000
0.0781,1.0000,0.0000,0.0000,0.0000
0.0788,1.0000,0.0000,0.0000,0.0000
0.0795,1.0000,0.0000,0.0000,0.0000
0.0802,1.0000,0.0000,0.0000,0.0000
0.0809,1.0000,0.0000,0.0000,0.0000
0.0817,1.0000,0.0000,0.0000,0.0000
0.0824,1.0000,0.0000,0.0000,0.0000
0.0832,1.0000,0.0000,0.0000,0.0000
0.0839,1.0000,0.0000,0.0000,0.0000
0.0847,1.0000,0.0000,0.0000,0.0000
0.0854,1.0000,0.0000,0.0000,0.0000
0.0862,1.0000,0.0000,0.0000,0.0000
0.0870,1.0000,0.0000,0.0000,0.0000
0.0878,1.0000,0.0000,0.0000,0.0000
0.0886,1.0000,0.0000,0.0000,0.0000
0.0894,1.0000,0.0000,0.0000,0.0000
0.0902,1.0000,0.0000,0.0000,0.0000
0.0910,1.0000,0.0000,0.0000,0.0000
0.0918,1.0000,0.0000,0.0000,0.0000
0.0926,1.0000,0.0000,0.0000,0.0000
0.0935,1.0000,0.0000,0.0000,0.0000
0.0943,1.0000,0.0000,0.0000,0.0000
0.0952,1.0000,0.0000,0.0000,0.0000
0.0960,1.0000,0.0000,0.0000,0.0000
0.0969,1.0000,0.0000,0.0000,0.0000
0.0978,1.0000,0.0000,0.0000,0.0000
0.0987,1.0000,0.0000,0.0000,0.0000
0.0996,1.0000,0.0000,0.0000,0.0000
0.1005,0.0000,0.0000,0.0000,0.0000
0.1014,0.0000,0.0000,0.0000,0.0000
0.1023,0.0000,0.0000,0.0000,0.0000
0.1032,0.0000,0.0000,0.0000,0.0000
0.1041,0.0000,0.0000,0.0000,0.0000
0.1051,0.0000,0.0000,0.0000,0.0000
0.1060,0.0000,0.0000,0.0000,0.0000
0.1070,0.0000,0.0000,0.0000,0.0000
0.1079,0.0000,0.0000,0.0000,0.0000
0.1089,0.0000,0.0000,0.0000,0.0000
0.1099,0.0000,0.0000,0.0000,0.0000
0.1109,0.0000,0.0000,0.0000,0.0000
0.1119,0.0000,0.0000,0.0000,0.0000
0.1129,0.0000,0.0000,0.0000,0.0000
0.1139,0.0000,0.0000,0.0000,0.0000
0.1150,0.0000,0.0000,0.0000,0.0000
0.1160,0.0000,0.0000,0.0000,0.0000
0.1170,0.0000,0.0000,0.0000,0.0000
0.1181,0.0000,0.0000,0.0000,0.0000
0.1192,0.0000,0.0000,0.0000,0.0000
0.1202,0.0000,0.0000,0.0000,0.0000
0.1213,0.0000,0.0000,0.0000,0.0000
0.1224,0.0000,0.0000,0.0000,0.0000
0.1235,0.0000,0.0000,0.0000,0.0000
0.1247,0.0000,0.0000,0.0000,0.0000
0.1258,0.0000,0.0000,0.0000,0.0000
0.1269,0.0000,0.0000,0.0000,0.0000
0.1281,0.0000,0.0000,0.0000,0.0000
0.1292,0.0000,0.0000,0.0000,0.0000
0.1304,0.0000,0.0000,0.0000,0.0000
0.1316,0.0000,0.0000,0.0000,0.0000
0.1328,0.0000,0.0000,0.0000,0.0000
0.1340,0.0000,0.0000,0.0000,0.0000
0.1352,0.0000,0.0000,0.0000,0.0000
0.1364,0.0000,0.0000,0.0000,0.0000
0.1376,0.0000,0.0000,0.0000,0.0000
0.1389,0.0000,0.0000,0.0000,0.0000
0.1401,0.0000,0.0000,0.0000,0.0000
0.1414,0.0000,0.0000,0.0000,0.0000
0.1427,0.0000,0.0000,0.0000,0.0000
0.1439,0.0000,0.0000,0.0000,0.0000
0.1452,0.0000,0.0000,0.0000,0.0000
0.1466,0.0000,0.0000,0.0000,0.0000
0.1479,0.0000,0.0000,0.0000,0.0000
0.1492,0.0000,0.0000,0.0000,0.0000
0.1506,0.0000,0.0000,0.0000,0.0000
0.1519,0.0000,0.0000,0.0000,0.0000
0.1533,0.0000,0.0000,0.0000,0.0000
0.1547,0.0000,0.0000,0.0000,0.0000
0.1561,0.0000,0.0000,0.0000,0.0000
0.1575,0.0000,0.0000,0.0000,0.0000
0.1589,0.0000,0.0000,0.0000,0.0000
0.1604,0.0000,0.0000,0.0000,0.0000
0.1618,0.0000,0.0000,0.0000,0.0000
0.1633,0.0000,0.0000,0.0000,0.0000
0.1647,0.0000,0.0000,0.0000,0.0000
0.1662,0.0000,0.0000,0.0000,0.0000
0.1677,0.0000,0.0000,0.0000,0.0000
0.1692,0.0000,0.0000,0.0000,0.0000
0.1708,0.0000,0.0000,0.0000,0.0000
0.1723,0.0000,0.0000,0.0000,0.0000
0.1739,0.0000,0.0000,0.0000,0.0000
0.1754,0.0000,0.0000,0.0000,0.0000
0.1770,0.0000,0.0000,0.0000,0.0000
0.1786,0.0000,0.0000,0.0000,0.0000
0.1802,0.0000,0.0000,0.0000,0.0000
0.1819,0.0000,0.0000,0.0000,0.0000
0.1835,0.0000,0.0000,0.0000,0.0000
0.1852,0.0000,0.0000,0.0000,0.0000
0.1868,0.0000,0.0000,0.0000,0.0000
0.1885,0.0000,0.0000,0.0000,0.0000
0.1902,0.0000,0.0000,0.0000,0.0000
0.1920,0.0000,0.0000,0.0000,0.0000
0.1937,0.0000,0.0000,0.0000,0.0000
0.1954,0.0000,0.0000,0.0000,0.0000
0.1972,0.0000,0.0000,0.0000,0.0000
0.1990,0.0000,0.0000,0.0000,0.0000
0.2008,0.0000,0.0000,0.0000,0.0000
0.2026,0.0000,0.0000,0.0000,0.0000
0.2044,0.0000,0.0000,0.0000,0.0000
0.2063,0.0000,0.0000,0.0000,0.0000
0.2081,0.0000,0.0000,0.0000,0.0000
0.2100,0.0000,0.0000,0.0000,0.0000
0.2119,0.0000,0.0000,0.0000,0.0000
0.2138,0.0000,0.0000,0.0000,0.0000
0.2158,0.0000,0.0000,0.0000,0.0000
0.2177,0.0000,0.0000,0.0000,0.0000
0.2197,0.0000,0.0000,0.0000,0.0000
0.2217,0.0000,0.0000,0.0000,0.0000
0.2237,0.0000,0.0000,0.0000,0.0000
0.2257,0.0000,0.0000,0.0000,0.0000
0.2277,0.0000,0.0000,0.0000,0.0000
0.2298,0.0000,0.0000,0.0000,0.0000
0.2319,0.0000,0.0000,0.0000,0.0000
0.2340,0.0000,0.0000,0.0000,0.0000
0.2361,0.0000,0.0000,0.0000,0.0000
0.2382,0.0000,0.0000,0.0000,0.0000
0.2404,0.0000,0.0000,0.0000,0.0000
0.2425,0.0000,0.0000,0.0000,0.0000
0.2447,0.0000,0.0000,0.0000,0.0000
0.2469,0.0000,0.0000,0.0000,0.0000
0.2492,0.0000,0.0000,0.0000,0.0000
0.2514,0.0000,0.0000,0.0000,0.0000
0.2537,0.0000,0.0000,0.0000,0.0000
0.2560,0.0000,0.0000,0.0000,0.0000
0.2583,0.0000,0.0000,0.0000,0.0000
0.2606,0.0000,0.0000,0.0000,0.0000
0.2630,0.0000,0.0000,0.0000,0.0000
0.2654,0.0000,0.0000,0.0000,0.0000
0.2678,0.0000,0.0000,0.0000,0.0000
0.2702,0.0000,0.0000,0.0000,0.0000
0.2726,0.0000,0.0000,0.0000,0.0000
0.2751,0.0000,0.0000,0.0000,0.0000
0.2776,0.0000,0.0000,0.0000,0.0000
0.2801,0.0000,0.0000,0.0000,0.0000
0.2826,0.0000,0.0000,0.0000,0.0000
0.2852,0.0000,0.0000,0.0000,0.0000
0.2877,0.0000,0.0000,0.0000,0.0000
0.2903,0.0000,0.0000,0.0000,0.0000
0.2930,0.0000,0.0000,0.0000,0.0000
0.2956,0.0000,0.0000,0.0000,0.0000
0.2983,0.0000,0.0000,0.0000,0.0000
0.3010,0.0000,0.0000,0.0000,0.0000
0.3037,0.0000,0.0000,0.0000,0.0000
0.3064,0.0000,0.0000,0.0000,0.0000
0.3092,0.0000,0.0000,0.0000,0.0000
0.3120,0.0000,0.0000,0.0000,0.0000
0.3148,0.0000,0.0000,0.0000,0.0000
0.3177,0.0000,0.0000,0.0000,0.0000
0.3205,0.0000,0.0000,0.0000,0.0000
0.3234,0.0000,0.0000,0.0000,0.0000
0.3263,0.0000,0.0000,0.0000,0.0000
0.3293,0.0000,0.0000,0.0000,0.0000
0.3323,0.0000,0.0000,0.0000,0.0000
0.3353,0.0000,0.0000,0.0000,0.0000
0.3383,0.0000,0.0000,0.0000,0.0000
0.3414,0.0000,0.0000,0.0000,0.0000
0.3444,0.0000,0.0000,0.0000,0.0000
0.3475,0.0000,0.0000,0.0000,0.0000
0.3507,0.0000,0.0000,0.0000,0.0000
0.3539,0.0000,0.0000,0.0000,0.0000
0.3571,0.0000,0.0000,0.0000,0.0000
0.3603,0.0000,0.0000,0.0000,0.0000
0.3635,0.0000,0.0000,0.0000,0.0000
0.3668,0.0000,0.0000,0.0000,0.0000
0.3701,0.0000,0.0000,0.0000,0.0000
0.3735,0.0000,0.0000,0.0000,0.0000
0.3769,0.0000,0.0000,0.0000,0.0000
0.3803,0.0000,0.0000,0.0000,0.0000
0.3837,0.0000,0.0000,0.0000,0.0000
0.3872,0.0000,0.0000,0.0000,0.0000
0.3907,0.0000,0.0000,0.0000,0.0000
0.3942,0.0000,0.0000,0.0000,0.0000
0.3977,0.0000,0.0000,0.0000,0.0000
0.4013,0.0000,1.0000,0.0000,0.0000
0.4050,0.0000,1.0000,0.0000,0.0000
0.4086,0.0000,1.0000,0.0000,0.0000
0.4123,0.0000,1.0000,0.0000,0.0000
0.4160,0.0000,1.0000,0.0000,0.0000
0.4198,0.0000,1.0000,0.0000,0.0000
0.4236,0.0000,1.0000,0.0000,0.0000
0.4274,0.0000,1.0000,0.0000,0.0000
0.4313,0.0000,1.0000,0.0000,0.0000
0.4352,0.0000,1.0000,0.0000,0.0000
0.4391,0.0000,1.0000,0.0000,0.0000
0.4431,0.0000,1.0000,0.0000,0.0000
0.4471,0.0000,1.0000,0.0000,0.0000
0.4511,0.0000,1.0000,0.0000,0.0000
0.4552,0.0000,1.0000,0.0000,0.0000
0.4593,0.0000,1.0000,0.0000,0.0000
0.4635,0.0000,1.0000,0.0000,0.0000
0.4677,0.0000,1.0000,0.0000,0.0000
0.4719,0.0000,1.0000,0.0000,0.0000
0.4761,0.0000,1.0000,0.0000,0.0000
0.4804,0.0000,1.0000,0.0000,0.0000
0.4848,0.0000,1.0000,0.0000,0.0000
0.4892,0.0000,1.0000,0.0000,0.0000
0.4936,0.0000,1.0000,0.0000,0.0000
0.4980,0.0000,1.0000,0.0000,0.0000
0.5025,0.0000,1.0000,0.0000,0.0000
0.5071,0.0000,1.0000,0.0000,0.0000
0.5117,0.0000,1.0000,0.0000,0.0000
0.5163,0.0000,1.0000,0.0000,0.0000
0.5210,0.0000,1.0000,0.0000,0.0000
0.5257,0.0000,1.0000,0.0000,0.0000
0.5304,0.0000,1.0000,0.0000,0.0000
0.5352,0.0000,1.0000,0.0000,0.0000
0.5400,0.0000,1.0000,0.0000,0.0000
0.5449,0.0000,1.0000,0.0000,0.0000
0.5498,0.0000,1.0000,0.0000,0.0000
0.5548,0.0000,1.0000,0.0000,0.0000
0.5598,0.0000,1.0000,0.0000,0.0000
0.5649,0.0000,1.0000,0.0000,0.0000
0.5700,0.0000,1.0000,0.0000,0.0000
0.5751,0.0000,1.0000,0.0000,0.0000
0.5803,0.0000,1.0000,0.0000,0.0000
0.5856,0.0000,1.0000,0.0000,0.0000
0.5909,0.0000,1.0000,0.0000,0.0000
0.5962,0.0000,1.0000,0.0000,0.0000
0.6016,0.0000,1.0000,0.0000,0.0000
0.6070,0.0000,1.0000,0.0000,0.0000
0.6125,0.0000,1.0000,0.0000,0.0000
0.6180,0.0000,1.0000,0.0000,0.0000
0.6236,0.0000,1.0000,0.0000,0.0000
0.6293,0.0000,1.0000,0.0000,0.0000
0.6349,0.0000,1.0000,0.0000,0.0000
0.6407,0.0000,1.0000,0.0000,0.0000
0.6465,0.0000,1.0000,0.0000,0.0000
0.6523,0.0000,1.0000,0.0000,0.0000
0.6582,0.0000,1.0000,0.0000,0.0000
0.6641,0.0000,1.0000,0.0000,0.0000
0.6701,0.0000,1.0000,0.0000,0.0000
0.6762,0.0000,1.0000,0.0000,0.0000
0.6823,0.0000,1.0000,0.0000,0.0000
0.6885,0.0000,1.0000,0.0000,0.0000
0.6947,0.0000,1.0000,0.0000,0.0000
0.7010,0.0000,1.0000,0.0000,0.0000
0.7073,0.0000,1.0000,0.0000,0.0000
0.7137,0.0000,1.0000,0.0000,0.0000
0.7201,0.0000,1.0000,0.0000,0.0000
0.7267,0.0000,1.0000,0.0000,0.0000
0.7332,0.0000,1.0000,0.0000,0.0000
0.7398,0.0000,1.0000,0.0000,0.0000
0.7465,0.0000,1.0000,0.0000,0.0000
0.7533,0.0000,1.0000,0.0000,0.0000
0.7601,0.0000,1.0000,0.0000,0.0000
0.7669,0.0000,1.0000,0.0000,0.0000
0.7739,0.0000,1.0000,0.0000,0.0000
0.7809,0.0000,1.0000,0.0000,0.0000
0.7879,0.0000,1.0000,0.0000,0.0000
0.7950,0.0000,1.0000,0.0000,0.0000
0.8022,0.0000,1.0000,0.0000,0.0000
0.8095,0.0000,1.0000,0.0000,0.0000
0.8168,0.0000,1.0000,0.0000,0.0000
0.8242,0.0000,1.0000,0.0000,0.0000
0.8316,0.0000,1.0000,0.0000,0.0000
0.8391,0.0000,1.0000,0.0000,0.0000
0.8467,0.0000,1.0000,0.0000,0.0000
0.8544,0.0000,1.0000,0.0000,0.0000
0.8621,0.0000,1.0000,0.0000,0.0000
0.8699,0.0000,1.0000,0.0000,0.0000
0.8777,0.0000,1.0000,0.0000,0.0000
0.8857,0.0000,1.0000,0.0000,0.0000
0.8937,0.0000,1.0000,0.0000,0.0000
0.9017,0.0000,0.0000,0.0000,0.0000
0.9099,0.0000,0.0000,0.0000,0.0000
0.9181,0.0000,0.0000,0.0000,0.0000
0.9264,0.0000,0.0000,0.0000,0.0000
0.9348,0.0000,0.0000,0.0000,0.0000
0.9432,0.0000,0.0000,0.0000,0.0000
0.9517,0.0000,0.0000,0.0000,0.0000
0.9603,0.0000,0.0000,0.0000,0.0000
0.9690,0.0000,0.0000,0.0000,0.0000
0.9778,0.0000,0.0000,0.0000,0.0000
0.9866,0.0000,0.0000,0.0000,0.0000
0.9955,0.0000,0.0000,0.0000,0.0000
1.0045,0.0000,0.0000,0.0000,0.0000
1.0136,0.0000,0.0000,0.0000,0.0000
1.0227,0.0000,0.0000,0.0000,0.0000
1.0320,0.0000,0.0000,0.0000,0.0000
1.0413,0.0000,0.0000,0.0000,0.0000
1.0507,0.0000,0.0000,0.0000,0.0000
1.0602,0.0000,0.0000,0.0000,0.0000
1.0698,0.0000,0.0000,0.0000,0.0000
1.0795,0.0000,0.0000,0.0000,0.0000
1.0892,0.0000,0.0000,0.0000,0.0000
1.0990,0.0000,0.0000,0.0000,0.0000
1.1090,0.0000,0.0000,1.0000,0.0000
1.1190,0.0000,0.0000,1.0000,0.0000
1.1291,0.0000,0.0000,1.0000,0.0000
1.1393,0.0000,0.0000,1.0000,0.0000
1.1496,0.0000,0.0000,1.0000,0.0000
1.1600,0.0000,0.0000,1.0000,0.0000
1.1705,0.0000,0.0000,1.0000,0.0000
1.1810,0.0000,0.0000,1.0000,0.0000
1.1917,0.0000,0.0000,1.0000,0.0000
1.2025,0.0000,0.0000,1.0000,0.0000
1.2133,0.0000,0.0000,1.0000,0.0000
1.2243,0.0000,0.0000,1.0000,0.0000
1.2354,0.0000,0.0000,1.0000,0.0000
1.2465,0.0000,0.0000,1.0000,0.0000
1.2578,0.0000,0.0000,1.0000,0.0000
1.2692,0.0000,0.0000,1.0000,0.0000
1.2806,0.0000,0.0000,1.0000,0.0000
1.2922,0.0000,0.0000,1.0000,0.0000
1.3039,0.0000,0.0000,1.0000,0.0000
1.3157,0.0000,0.0000,1.0000,0.0000
1.3275,0.0000,0.0000,1.0000,0.0000
1.3395,0.0000,0.0000,1.0000,0.0000
1.3516,0.0000,0.0000,1.0000,0.0000
1.3638,0.0000,0.0000,1.0000,0.0000
1.3762,0.0000,0.0000,1.0000,0.0000
1.3886,0.0000,0.0000,1.0000,0.0000
1.4011,0.0000,0.0000,1.0000,0.0000
1.4138,0.0000,0.0000,1.0000,0.0000
1.4266,0.0000,0.0000,1.0000,0.0000
1.4395,0.0000,0.0000,1.0000,0.0000
1.4525,0.0000,0.0000,1.0000,0.0000
1.4656,0.0000,0.0000,1.0000,0.0000
1.4788,0.0000,0.0000,1.0000,0.0000
1.4922,0.0000,0.0000,1.0000,0.0000
1.5057,0.0000,0.0000,1.0000,0.0000
1.5193,0.0000,0.0000,1.0000,0.0000
1.5330,0.0000,0.0000,1.0000,0.0000
1.5469,0.0000,0.0000,1.0000,0.0000
1.5608,0.0000,0.0000,1.0000,0.0000
1.5749,0.0000,0.0000,1.0000,0.0000
1.5892,0.0000,0.0000,1.0000,0.0000
1.6035,0.0000,0.0000,1.0000,0.0000
1.6180,0.0000,0.0000,1.0000,0.0000
1.6326,0.0000,0.0000,1.0000,0.0000
1.6474,0.0000,0.0000,1.0000,0.0000
1.6623,0.0000,0.0000,1.0000,0.0000
1.6773,0.0000,0.0000,1.0000,0.0000
1.6924,0.0000,0.0000,1.0000,0.0000
1.7077,0.0000,0.0000,1.0000,0.0000
1.7232,0.0000,0.0000,1.0000,0.0000
1.7387,0.0000,0.0000,1.0000,0.0000
1.7544,0.0000,0.0000,1.0000,0.0000
1.7703,0.0000,0.0000,1.0000,0.0000
1.7863,0.0000,0.0000,1.0000,0.0000
1.8024,0.0000,0.0000,1.0000,0.0000
1.8187,0.0000,0.0000,1.0000,0.0000
1.8352,0.0000,0.0000,1.0000,0.0000
1.8517,0.0000,0.0000,1.0000,0.0000
1.8685,0.0000,0.0000,1.0000,0.0000
1.8853,0.0000,0.0000,1.0000,0.0000
1.9024,0.0000,0.0000,1.0000,0.0000
1.9196,0.0000,0.0000,1.0000,0.0000
1.9369,0.0000,0.0000,1.0000,0.0000
1.9544,0.0000,0.0000,1.0000,0.0000
1.9721,0.0000,0.0000,1.0000,0.0000
1.9899,0.0000,0.0000,1.0000,0.0000
2.0079,0.0000,0.0000,1.0000,0.0000
2.0260,0.0000,0.0000,1.0000,0.0000
2.0443,0.0000,0.0000,1.0000,0.0000
2.0628,0.0000,0.0000,1.0000,0.0000
2.0814,0.0000,0.0000,1.0000,0.0000
2.1002,0.0000,0.0000,1.0000,0.0000
2.1192,0.0000,0.0000,1.0000,0.0000
2.1383,0.0000,0.0000,1.0000,0.0000
2.1577,0.0000,0.0000,1.0000,0.0000
2.1772,0.0000,0.0000,1.0000,0.0000
2.1968,0.0000,0.0000,1.0000,0.0000
2.2167,0.0000,0.0000,1.0000,0.0000
2.2367,0.0000,0.0000,1.0000,0.0000
2.2569,0.0000,0.0000,1.0000,0.0000
2.2773,0.0000,0.0000,1.0000,0.0000
2.2979,0.0000,0.0000,1.0000,0.0000
2.3186,0.0000,0.0000,1.0000,0.0000
2.3396,0.0000,0.0000,1.0000,0.0000
2.3607,0.0000,0.0000,1.0000,0.0000
2.3821,0.0000,0.0000,1.0000,0.0000
2.4036,0.0000,0.0000,1.0000,0.0000
2.4253,0.0000,0.0000,1.0000,0.0000
2.4472,0.0000,0.0000,1.0000,0.0000
2.4693,0.0000,0.0000,1.0000,0.0000
2.4916,0.0000,0.0000,1.0000,0.0000
2.5141,0.0000,0.0000,1.0000,0.0000
2.5369,0.0000,0.0000,1.0000,0.0000
2.5598,0.0000,0.0000,1.0000,0.0000
2.5829,0.0000,0.0000,1.0000,0.0000
2.6062,0.0000,0.0000,1.0000,0.0000
2.6298,0.0000,0.0000,1.0000,0.0000
2.6536,0.0000,0.0000,1.0000,0.0000
2.6775,0.0000,0.0000,1.0000,0.0000
2.7017,0.0000,0.0000,1.0000,0.0000
2.7261,0.0000,0.0000,1.0000,0.0000
2.7508,0.0000,0.0000,1.0000,0.0000
2.7756,0.0000,0.0000,1.0000,0.0000
2.8007,0.0000,0.0000,1.0000,0.0000
2.8260,0.0000,0.0000,1.0000,0.0000
2.8515,0.0000,0.0000,1.0000,0.0000
2.8773,0.0000,0.0000,1.0000,0.0000
2.9033,0.0000,0.0000,1.0000,0.0000
2.9295,0.0000,0.0000,1.0000,0.0000
2.9560,0.0000,0.0000,1.0000,0.0000
2.9827,0.0000,0.0000,1.0000,0.0000
3.0096,0.0000,0.0000,0.0000,0.0000
3.0368,0.0000,0.0000,0.0000,0.0000
3.0643,0.0000,0.0000,0.0000,0.0000
3.0920,0.0000,0.0000,0.0000,0.0000
3.1199,0.0000,0.0000,0.0000,0.0000
3.1481,0.0000,0.0000,0.0000,0.0000
3.1765,0.0000,0.0000,0.0000,0.0000
3.2052,0.0000,0.0000,0.0000,0.0000
3.2342,0.0000,0.0000,0.0000,0.0000
3.2634,0.0000,0.0000,0.0000,0.0000
3.2929,0.0000,0.0000,0.0000,0.0000
3.3226,0.0000,0.0000,0.0000,0.0000
3.3527,0.0000,0.0000,0.0000,0.0000
3.3830,0.0000,0.0000,0.0000,0.0000
3.4135,0.0000,0.0000,0.0000,0.0000
3.4444,0.0000,0.0000,0.0000,0.0000
3.4755,0.0000,0.0000,0.0000,0.0000
3.5069,0.0000,0.0000,0.0000,0.0000
3.5386,0.0000,0.0000,0.0000,0.0000
3.5705,0.0000,0.0000,0.0000,0.0000
3.6028,0.0000,0.0000,0.0000,0.0000
3.6354,0.0000,0.0000,0.0000,0.0000
3.6682,0.0000,0.0000,0.0000,0.0000
3.7013,0.0000,0.0000,0.0000,0.0000
3.7348,0.0000,0.0000,0.0000,0.0000
3.7685,0.0000,0.0000,0.0000,0.0000
3.8026,0.0000,0.0000,0.0000,0.0000
3.8369,0.0000,0.0000,0.0000,0.0000
3.8716,0.0000,0.0000,0.0000,0.0000
3.9066,0.0000,0.0000,0.0000,0.0000
3.9419,0.0000,0.0000,0.0000,0.0000
3.9775,0.0000,0.0000,0.0000,0.0000
4.0134,0.0000,0.0000,0.0000,0.0000
4.0497,0.0000,0.0000,0.0000,0.0000
4.0863,0.0000,0.0000,0.0000,0.0000
4.1232,0.0000,0.0000,0.0000,0.0000
4.1605,0.0000,0.0000,0.0000,0.0000
4.1980,0.0000,0.0000,0.0000,0.0000
4.2360,0.0000,0.0000,0.0000,0.0000
4.2742,0.0000,0.0000,0.0000,0.0000
4.3129,0.0000,0.0000,0.0000,0.0000
4.3518,0.0000,0.0000,0.0000,0.0000
4.3911,0.0000,0.0000,0.0000,0.0000
4.4308,0.0000,0.0000,0.0000,0.0000
4.4709,0.0000,0.0000,0.0000,0.0000
4.5112,0.0000,0.0000,0.0000,0.0000
4.5520,0.0000,0.0000,0.0000,0.0000
4.5931,0.0000,0.0000,0.0000,0.0000
4.6346,0.0000,0.0000,0.0000,0.0000
4.6765,0.0000,0.0000,0.0000,0.0000
4.7188,0.0000,0.0000,0.0000,0.0000
4.7614,0.0000,0.0000,0.0000,0.0000
4.8044,0.0000,0.0000,0.0000,0.0000
4.8478,0.0000,0.0000,0.0000,0.0000
4.8916,0.0000,0.0000,0.0000,0.0000
4.9358,0.0000,0.0000,0.0000,0.0000
4.9804,0.0000,0.0000,0.0000,0.0000
5.0254,0.0000,0.0000,0.0000,1.0000
5.0708,0.0000,0.0000,0.0000,1.0000
5.1166,0.0000,0.0000,0.0000,1.0000
5.1629,0.0000,0.0000,0.0000,1.0000
5.2095,0.0000,0.0000,0.0000,1.0000
5.2566,0.0000,0.0000,0.0000,1.0000
5.3041,0.0000,0.0000,0.0000,1.0000
5.3520,0.0000,0.0000,0.0000,1.0000
5.4003,0.0000,0.0000,0.0000,1.0000
5.4491,0.0000,0.0000,0.0000,1.0000
5.4984,0.0000,0.0000,0.0000,1.0000
5.5481,0.0000,0.0000,0.0000,1.0000
5.5982,0.0000,0.0000,0.0000,1.0000
5.6488,0.0000,0.0000,0.0000,1.0000
5.6998,0.0000,0.0000,0.0000,1.0000
5.7513,0.0000,0.0000,0.0000,1.0000
5.8033,0.0000,0.0000,0.0000,1.0000
5.8557,0.0000,0.0000,0.0000,1.0000
5.9086,0.0000,0.0000,0.0000,1.0000
5.9620,0.0000,0.0000,0.0000,1.0000
6.0158,0.0000,0.0000,0.0000,1.0000
6.0702,0.0000,0.0000,0.0000,1.0000
6.1250,0.0000,0.0000,0.0000,1.0000
6.1804,0.0000,0.0000,0.0000,1.0000
6.2362,0.0000,0.0000,0.0000,1.0000
6.2926,0.0000,0.0000,0.0000,1.0000
6.3494,0.0000,0.0000,0.0000,1.0000
6.4068,0.0000,0.0000,0.0000,1.0000
6.4647,0.0000,0.0000,0.0000,1.0000
6.5231,0.0000,0.0000,0.0000,1.0000
6.5820,0.0000,0.0000,0.0000,1.0000
6.6415,0.0000,0.0000,0.0000,1.0000
6.7015,0.0000,0.0000,0.0000,1.0000
6.7620,0.0000,0.0000,0.0000,1.0000
6.8231,0.0000,0.0000,0.0000,1.0000
6.8848,0.0000,0.0000,0.0000,1.0000
6.9470,0.0000,0.0000,0.0000,1.0000
7.0098,0.0000,0.0000,0.0000,1.0000
7.0731,0.0000,0.0000,0.0000,1.0000
7.1370,0.0000,0.0000,0.0000,1.0000
7.2015,0.0000,0.0000,0.0000,1.0000
7.2665,0.0000,0.0000,0.0000,1.0000
7.3322,0.0000,0.0000,0.0000,1.0000
7.3984,0.0000,0.0000,0.0000,1.0000
7.4653,0.0000,0.0000,0.0000,1.0000
7.5327,0.0000,0.0000,0.0000,1.0000
7.6008,0.0000,0.0000,0.0000,1.0000
7.6695,0.0000,0.0000,0.0000,1.0000
7.7388,0.0000,0.0000,0.0000,1.0000
7.8087,0.0000,0.0000,0.0000,1.0000
7.8792,0.0000,0.0000,0.0000,1.0000
7.9504,0.0000,0.0000,0.0000,1.0000
8.0223,0.0000,0.0000,0.0000,1.0000
8.0947,0.0000,0.0000,0.0000,1.0000
8.1679,0.0000,0.0000,0.0000,1.0000
8.2417,0.0000,0.0000,0.0000,1.0000
8.3161,0.0000,0.0000,0.0000,1.0000
8.3913,0.0000,0.0000,0.0000,1.0000
8.4671,0.0000,0.0000,0.0000,1.0000
8.5436,0.0000,0.0000,0.0000,1.0000
8.6208,0.0000,0.0000,0.0000,1.0000
8.6987,0.0000,0.0000,0.0000,1.0000
8.7773,0.0000,0.0000,0.0000,1.0000
8.8566,0.0000,0.0000,0.0000,1.0000
8.9366,0.0000,0.0000,0.0000,1.0000
9.0173,0.0000,0.0000,0.0000,1.0000
9.0988,0.0000,0.0000,0.0000,1.0000
9.1810,0.0000,0.0000,0.0000,1.0000
9.2640,0.0000,0.0000,0.0000,1.0000
9.3477,0.0000,0.0000,0.0000,1.0000
9.4321,0.0000,0.0000,0.0000,1.0000
9.5173,0.0000,0.0000,0.0000,1.0000
9.6033,0.0000,0.0000,0.0000,1.0000
9.6901,0.0000,0.0000,0.0000,1.0000
9.7776,0.0000,0.0000,0.0000,1.0000
9.8660,0.0000,0.0000,0.0000,1.0000
9.9551,0.0000,0.0000,0.0000,1.0000
10.0451,0.0000,0.0000,0.0000,1.0000
10.1358,0.0000,0.0000,0.0000,1.0000
10.2274,0.0000,0.0000,0.0000,1.0000
10.3198,0.0000,0.0000,0.0000,1.0000
10.4131,0.0000,0.0000,0.0000,1.0000
10.5071,0.0000,0.0000,0.0000,1.0000
10.6021,0.0000,0.0000,0.0000,1.0000
10.6979,0.0000,0.0000,0.0000,1.0000
10.7945,0.0000,0.0000,0.0000,1.0000
10.8920,0.0000,0.0000,0.0000,1.0000
10.9905,0.0000,0.0000,0.0000,1.0000
11.0898,0.0000,0.0000,0.0000,1.0000
11.1899,0.0000,0.0000,0.0000,1.0000
11.2911,0.0000,0.0000,0.0000,1.0000
11.3931,0.0000,0.0000,0.0000,1.0000
11.4960,0.0000,0.0000,0.0000,1.0000
11.5999,0.0000,0.0000,0.0000,1.0000
11.7047,0.0000,0.0000,0.0000,1.0000
11.8104,0.0000,0.0000,0.0000,1.0000
11.9171,0.0000,0.0000,0.0000,1.0000
12.0248,0.0000,0.0000,0.0000,1.0000
12.1335,0.0000,0.0000,0.0000,1.0000
12.2431,0.0000,0.0000,0.0000,1.0000
12.3537,0.0000,0.0000,0.0000,1.0000
12.4653,0.0000,0.0000,0.0000,1.0000
12.5779,0.0000,0.0000,0.0000,1.0000
12.6916,0.0000,0.0000,0.0000,1.0000
12.8062,0.0000,0.0000,0.0000,1.0000
12.9220,0.0000,0.0000,0.0000,1.0000
13.0387,0.0000,0.0000,0.0000,1.0000
13.1565,0.0000,0.0000,0.0000,1.0000
13.2754,0.0000,0.0000,0.0000,1.0000
13.3953,0.0000,0.0000,0.0000,1.0000
13.5163,0.0000,0.0000,0.0000,1.0000
13.6385,0.0000,0.0000,0.0000,1.0000
13.7617,0.0000,0.0000,0.0000,1.0000
13.8860,0.0000,0.0000,0.0000,1.0000
14.0115,0.0000,0.0000,0.0000,1.0000
14.1381,0.0000,0.0000,0.0000,1.0000
14.2658,0.0000,0.0000,0.0000,1.0000
14.3947,0.0000,0.0000,0.0000,1.0000
14.5248,0.0000,0.0000,0.0000,1.0000
14.6560,0.0000,0.0000,0.0000,1.0000
14.7884,0.0000,0.0000,0.0000,1.0000
14.9220,0.0000,0.0000,0.0000,1.0000
15.0569,0.0000,0.0000,0.0000,1.0000
15.1929,0.0000,0.0000,0.0000,1.0000
15.3302,0.0000,0.0000,0.0000,1.0000
15.4687,0.0000,0.0000,0.0000,1.0000
15.6084,0.0000,0.0000,0.0000,1.0000
15.7495,0.0000,0.0000,0.0000,1.0000
15.8918,0.0000,0.0000,0.0000,1.0000
16.0353,0.0000,0.0000,0.0000,1.0000
16.1802,0.0000,0.0000,0.0000,1.0000
16.3264,0.0000,0.0000,0.0000,1.0000
16.4739,0.0000,0.0000,0.0000,1.0000
16.6228,0.0000,0.0000,0.0000,1.0000
16.7729,0.0000,0.0000,0.0000,1.0000
16.9245,0.0000,0.0000,0.0000,1.0000
17.0774,0.0000,0.0000,0.0000,1.0000
17.2317,0.0000,0.0000,0.0000,1.0000
17.3874,0.0000,0.0000,0.0000,1.0000
17.5445,0.0000,0.0000,0.0000,1.0000
17.7030,0.0000,0.0000,0.0000,1.0000
17.8629,0.0000,0.0000,0.0000,1.0000
18.0243,0.0000,0.0000,0.0000,1.0000
18.1872,0.0000,0.0000,0.0000,1.0000
18.3515,0.0000,0.0000,0.0000,1.0000
18.5173,0.0000,0.0000,0.0000,1.0000
18.6846,0.0000,0.0000,0.0000,1.0000
18.8534,0.0000,0.0000,0.0000,1.0000
19.0238,0.0000,0.0000,0.0000,1.0000
19.1957,0.0000,0.0000,0.0000,1.0000
19.3691,0.0000,0.0000,0.0000,1.0000
19.5441,0.0000,0.0000,0.0000,1.0000
19.7207,0.0000,0.0000,0.0000,1.0000
19.8989,0.0000,0.0000,0.0000,1.0000
20.0786,0.0000,0.0000,0.0000,1.0000
20.2601,0.0000,0.0000,0.0000,1.0000
20.4431,0.0000,0.0000,0.0000,1.0000
20.6278,0.0000,0.0000,0.0000,1.0000
20.8142,0.0000,0.0000,0.0000,1.0000
21.0022,0.0000,0.0000,0.0000,1.0000
21.1920,0.0000,0.0000,0.0000,1.0000
21.3835,0.0000,0.0000,0.0000,1.0000
21.5767,0.0000,0.0000,0.0000,1.0000
21.7716,0.0000,0.0000,0.0000,1.0000
21.9683,0.0000,0.0000,0.0000,1.0000
22.1668,0.0000,0.0000,0.0000,1.0000
22.3671,0.0000,0.0000,0.0000,1.0000
22.5692,0.0000,0.0000,0.0000,1.0000
22.7731,0.0000,0.0000,0.0000,1.0000
22.9788,0.0000,0.0000,0.0000,1.0000
23.1865,0.0000,0.0000,0.0000,1.0000
23.3959,0.0000,0.0000,0.0000,1.0000
23.6073,0.0000,0.0000,0.0000,1.0000
23.8206,0.0000,0.0000,0.0000,1.0000
24.0358,0.0000,0.0000,0.0000,1.0000
24.2530,0.0000,0.0000,0.0000,1.0000
24.4721,0.0000,0.0000,0.0000,1.0000
24.6932,0.0000,0.0000,0.0000,1.0000
24.9163,0.0000,0.0000,0.0000,1.0000
25.1415,0.0000,0.0000,0.0000,1.0000
25.3686,0.0000,0.0000,0.0000,1.0000
25.5978,0.0000,0.0000,0.0000,1.0000
25.8291,0.0000,0.0000,0.0000,1.0000
26.0625,0.0000,0.0000,0.0000,1.0000
26.2979,0.0000,0.0000,0.0000,1.0000
26.5356,0.0000,0.0000,0.0000,1.0000
26.7753,0.0000,0.0000,0.0000,1.0000
27.0172,0.0000,0.0000,0.0000,1.0000
27.2613,0.0000,0.0000,0.0000,1.0000
27.5076,0.0000,0.0000,0.0000,1.0000
27.7562,0.0000,0.0000,0.0000,1.0000
28.0069,0.0000,0.0000,0.0000,1.0000
28.2600,0.0000,0.0000,0.0000,1.0000
28.5153,0.0000,0.0000,0.0000,1.0000
28.7729,0.0000,0.0000,0.0000,1.0000
29.0329,0.0000,0.0000,0.0000,1.0000
29.2952,0.0000,0.0000,0.0000,1.0000
29.5599,0.0000,0.0000,0.0000,1.0000
29.8270,0.0000,0.0000,0.0000,1.0000
30.0965,0.0000,0.0000,0.0000,1.0000
30.3684,0.0000,0.0000,0.0000,1.0000
30.6428,0.0000,0.0000,0.0000,1.0000
30.9196,0.0000,0.0000,0.0000,1.0000
31.1990,0.0000,0.0000,0.0000,1.0000
31.4809,0.0000,0.0000,0.0000,1.0000
31.7653,0.0000,0.0000,0.0000,1.0000
32.0523,0.0000,0.0000,0.0000,1.0000
32.3419,0.0000,0.0000,0.0000,1.0000
32.6341,0.0000,0.0000,0.0000,1.0000
32.9290,0.0000,0.0000,0.0000,1.0000
33.2265,0.0000,0.0000,0.0000,1.0000
33.5267,0.0000,0.0000,0.0000,1.0000
33.8296,0.0000,0.0000,0.0000,1.0000
34.1353,0.0000,0.0000,0.0000,1.0000
34.4437,0.0000,0.0000,0.0000,1.0000
34.7549,0.0000,0.0000,0.0000,1.0000
35.0689,0.0000,0.0000,0.0000,1.0000
35.3857,0.0000,0.0000,0.0000,1.0000
35.7054,0.0000,0.0000,0.0000,1.0000
36.0280,0.0000,0.0000,0.0000,1.0000
36.3536,0.0000,0.0000,0.0000,1.0000
36.6820,0.0000,0.0000,0.0000,1.0000
37.0134,0.0000,0.0000,0.0000,1.0000
37.3479,0.0000,0.0000,0.0000,1.0000
37.6853,0.0000,0.0000,0.0000,1.0000
38.0258,0.0000,0.0000,0.0000,1.0000
38.3693,0.0000,0.0000,0.0000,1.0000
38.7160,0.0000,0.0000,0.0000,1.0000
39.0658,0.0000,0.0000,0.0000,1.0000
39.4188,0.0000,0.0000,0.0000,1.0000
39.7749,0.0000,0.0000,0.0000,1.0000
40.1343,0.0000,0.0000,0.0000,1.0000
40.4969,0.0000,0.0000,0.0000,1.0000
40.8628,0.0000,0.0000,0.0000,1.0000
41.2320,0.0000,0.0000,0.0000,1.0000
41.6045,0.0000,0.0000,0.0000,1.0000
41.9804,0.0000,0.0000,0.0000,1.0000
42.3597,0.0000,0.0000,0.0000,1.0000
42.7424,0.0000,0.0000,0.0000,1.0000
43.1286,0.0000,0.0000,0.0000,1.0000
43.5183,0.0000,0.0000,0.0000,1.0000
43.9115,0.0000,0.0000,0.0000,1.0000
44.3082,0.0000,0.0000,0.0000,1.0000
44.7086,0.0000,0.0000,0.0000,1.0000
45.1125,0.0000,0.0000,0.0000,1.0000
45.5201,0.0000,0.0000,0.0000,1.0000
45.9314,0.0000,0.0000,0.0000,1.0000
46.3464,0.0000,0.0000,0.0000,1.0000
46.7651,0.0000,0.0000,0.0000,1.0000
47.1876,0.0000,0.0000,0.0000,1.0000
47.6140,0.0000,0.0000,0.0000,1.0000
48.0442,0.0000,0.0000,0.0000,1.0000
48.4782,0.0000,0.0000,0.0000,1.0000
48.9162,0.0000,0.0000,0.0000,1.0000
49.3582,0.0000,0.0000,0.0000,1.0000
49.8042,0.0000,0.0000,0.0000,1.0000
50.2541,0.0000,0.0000,0.0000,1.0000
50.7082,0.0000,0.0000,0.0000,1.0000
51.1663,0.0000,0.0000,0.0000,1.0000
51.6286,0.0000,0.0000,0.0000,1.0000
52.0951,0.0000,0.0000,0.0000,1.0000
52.5658,0.0000,0.0000,0.0000,1.0000
53.0407,0.0000,0.0000,0.0000,1.0000
53.5199,0.0000,0.0000,0.0000,1.0000
54.0035,0.0000,0.0000,0.0000,1.0000
54.4914,0.0000,0.0000,0.0000,1.0000
54.9838,0.0000,0.0000,0.0000,1.0000
55.4805,0.0000,0.0000,0.0000,1.0000
55.9818,0.0000,0.0000,0.0000,1.0000
56.4876,0.0000,0.0000,0.0000,1.0000
56.9980,0.0000,0.0000,0.0000,1.0000
57.5129,0.0000,0.0000,0.0000,1.0000
58.0326,0.0000,0.0000,0.0000,1.0000
58.5569,0.0000,0.0000,0.0000,1.0000
59.0860,0.0000,0.0000,0.0000,1.0000
59.6198,0.0000,0.0000,0.0000,1.0000
60.1585,0.0000,0.0000,0.0000,1.0000
60.7020,0.0000,0.0000,0.0000,1.0000
61.2505,0.0000,0.0000,0.0000,1.0000
61.8039,0.0000,0.0000,0.0000,1.0000
62.3623,0.0000,0.0000,0.0000,1.0000
62.9257,0.0000,0.0000,0.0000,1.0000
63.4942,0.0000,0.0000,0.0000,1.0000
64.0679,0.0000,0.0000,0.0000,1.0000
64.6468,0.0000,0.0000,0.0000,1.0000
65.2309,0.0000,0.0000,0.0000,1.0000
65.8202,0.0000,0.0000,0.0000,1.0000
66.4149,0.0000,0.0000,0.0000,1.0000
67.0150,0.0000,0.0000,0.0000,1.0000
67.6205,0.0000,0.0000,0.0000,1.0000
68.2314,0.0000,0.0000,0.0000,1.0000
68.8479,0.0000,0.0000,0.0000,1.0000
69.4699,0.0000,0.0000,0.0000,1.0000
70.0976,0.0000,0.0000,0.0000,1.0000
70.7309,0.0000,0.0000,0.0000,1.0000
71.3700,0.0000,0.0000,0.0000,1.0000
72.0148,0.0000,0.0000,0.0000,1.0000
72.6655,0.0000,0.0000,0.0000,1.0000
73.3220,0.0000,0.0000,0.0000,1.0000
73.9845,0.0000,0.0000,0.0000,1.0000
74.6529,0.0000,0.0000,0.0000,1.0000
75.3274,0.0000,0.0000,0.0000,1.0000
76.0080,0.0000,0.0000,0.0000,1.0000
76.6947,0.0000,0.0000,0.0000,1.0000
77.3877,0.0000,0.0000,0.0000,1.0000
78.0869,0.0000,0.0000,0.0000,1.0000
78.7924,0.0000,0.0000,0.0000,1.0000
79.5043,0.0000,0.0000,0.0000,1.0000
80.2226,0.0000,0.0000,0.0000,1.0000
80.9474,0.0000,0.0000,0.0000,1.0000
81.6788,0.0000,0.0000,0.0000,1.0000
82.4168,0.0000,0.0000,0.0000,1.0000
83.1614,0.0000,0.0000,0.0000,1.0000
83.9128,0.0000,0.0000,0.0000,1.0000
84.6709,0.0000,0.0000,0.0000,1.0000
85.4359,0.0000,0.0000,0.0000,1.0000
86.2079,0.0000,0.0000,0.0000,1.0000
86.9868,0.0000,0.0000,0.0000,1.0000
87.7727,0.0000,0.0000,0.0000,1.0000
88.5657,0.0000,0.0000,0.0000,1.0000
89.3659,0.0000,0.0000,0.0000,1.0000
90.1733,0.0000,0.0000,0.0000,1.0000
90.9881,0.0000,0.0000,0.0000,1.0000
91.8101,0.0000,0.0000,0.0000,1.0000
92.6396,0.0000,0.0000,0.0000,1.0000
93.4766,0.0000,0.0000,0.0000,1.0000
94.3212,0.0000,0.0000,0.0000,1.0000
95.1734,0.0000,0.0000,0.0000,1.0000
96.0333,0.0000,0.0000,0.0000,1.0000
96.9010,0.0000,0.0000,0.0000,1.0000
97.7765,0.0000,0.0000,0.0000,1.0000
98.6599,0.0000,0.0000,0.0000,1.0000
99.5513,0.0000,0.0000,0.0000,1.0000
100.4507,0.0000,0.0000,0.0000,1.0000
101.3583,0.0000,0.0000,0.0000,1.0000
102.2741,0.0000,0.0000,0.0000,1.0000
103.1981,0.0000,0.0000,0.0000,1.0000
104.1305,0.0000,0.0000,0.0000,1.0000
105.0714,0.0000,0.0000,0.0000,1.0000
106.0207,0.0000,0.0000,0.0000,1.0000
106.9786,0.0000,0.0000,0.0000,1.0000
107.9451,0.0000,0.0000,0.0000,1.0000
108.9204,0.0000,0.0000,0.0000,1.0000
109.9045,0.0000,0.0000,0.0000,1.0000
110.8975,0.0000,0.0000,0.0000,1.0000
111.8995,0.0000,0.0000,0.0000,1.0000
112.9105,0.0000,0.0000,0.0000,1.0000
113.9307,0.0000,0.0000,0.0000,1.0000
114.9600,0.0000,0.0000,0.0000,1.0000
115.9987,0.0000,0.0000,0.0000,1.0000
117.0468,0.0000,0.0000,0.0000,1.0000
118.1043,0.0000,0.0000,0.0000,1.0000
119.1714,0.0000,0.0000,0.0000,1.0000
120.2481,0.0000,0.0000,0.0000,1.0000
121.3345,0.0000,0.0000,0.0000,1.0000
122.4308,0.0000,0.0000,0.0000,1.0000
123.5370,0.0000,0.0000,0.0000,1.0000
124.6531,0.0000,0.0000,0.0000,1.0000
125.7794,0.0000,0.0000,0.0000,1.0000
126.9158,0.0000,0.0000,0.0000,1.0000
128.0625,0.0000,0.0000,0.0000,1.0000
129.2195,0.0000,0.0000,0.0000,1.0000
130.3870,0.0000,0.0000,0.0000,1.0000
131.5651,0.0000,0.0000,0.0000,1.0000
132.7538,0.0000,0.0000,0.0000,1.0000
133.9532,0.0000,0.0000,0.0000,1.0000
135.1635,0.0000,0.0000,0.0000,1.0000
136.3847,0.0000,0.0000,0.0000,1.0000
137.6169,0.0000,0.0000,0.0000,1.0000
138.8603,0.0000,0.0000,0.0000,1.0000
140.1149,0.0000,0.0000,0.0000,1.0000
141.3809,0.0000,0.0000,0.0000,1.0000
142.6582,0.0000,0.0000,0.0000,1.0000
143.9472,0.0000,0.0000,0.0000,1.0000
145.2477,0.0000,0.0000,0.0000,1.0000
146.5601,0.0000,0.0000,0.0000,1.0000
147.8842,0.0000,0.0000,0.0000,1.0000
149.2204,0.0000,0.0000,0.0000,1.0000
150.5686,0.0000,0.0000,0.0000,1.0000
151.9290,0.0000,0.0000,0.0000,1.0000
153.3017,0.0000,0.0000,0.0000,1.0000
154.6868,0.0000,0.0000,0.0000,1.0000
156.0844,0.0000,0.0000,0.0000,1.0000
157.4946,0.0000,0.0000,0.0000,1.0000
158.9176,0.0000,0.0000,0.0000,1.0000
160.3534,0.0000,0.0000,0.0000,1.0000
161.8022,0.0000,0.0000,0.0000,1.0000
163.2641,0.0000,0.0000,0.0000,1.0000
164.7392,0.0000,0.0000,0.0000,1.0000
166.2276,0.0000,0.0000,0.0000,1.0000
167.7295,0.0000,0.0000,0.0000,1.0000
169.2449,0.0000,0.0000,0.0000,1.0000
170.7740,0.0000,0.0000,0.0000,1.0000
172.3170,0.0000,0.0000,0.0000,1.0000
173.8739,0.0000,0.0000,0.0000,1.0000
175.4449,0.0000,0.0000,0.0000,1.0000
177.0300,0.0000,0.0000,0.0000,1.0000
178.6295,0.0000,0.0000,0.0000,1.0000
180.2434,0.0000,0.0000,0.0000,1.0000
181.8719,0.0000,0.0000,0.0000,1.0000
183.5151,0.0000,0.0000,0.0000,1.0000
185.1732,0.0000,0.0000,0.0000,1.0000
186.8462,0.0000,0.0000,0.0000,1.0000
188.5344,0.0000,0.0000,0.0000,1.0000
190.2378,0.0000,0.0000,0.0000,1.0000
191.9566,0.0000,0.0000,0.0000,1.0000
193.6910,0.0000,0.0000,0.0000,1.0000
195.4410,0.0000,0.0000,0.0000,1.0000
197.2068,0.0000,0.0000,0.0000,1.0000
198.9886,0.0000,0.0000,0.0000,1.0000
200.7864,0.0000,0.0000,0.0000,1.0000
202.6006,0.0000,0.0000,0.0000,1.0000
204.4311,0.0000,0.0000,0.0000,1.0000
206.2781,0.0000,0.0000,0.0000,1.0000
208.1418,0.0000,0.0000,0.0000,1.0000
210.0224,0.0000,0.0000,0.0000,1.0000
211.9200,0.0000,0.0000,0.0000,1.0000
213.8347,0.0000,0.0000,0.0000,1.0000
215.7667,0.0000,0.0000,0.0000,1.0000
217.7161,0.0000,0.0000,0.0000,1.0000
219.6832,0.0000,0.0000,0.0000,1.0000
221.6681,0.0000,0.0000,0.0000,1.0000
223.6708,0.0000,0.0000,0.0000,1.0000
225.6917,0.0000,0.0000,0.0000,1.0000
227.7309,0.0000,0.0000,0.0000,1.0000
229.7884,0.0000,0.0000,0.0000,1.0000
231.8646,0.0000,0.0000,0.0000,1.0000
233.9595,0.0000,0.0000,0.0000,1.0000
236.0733,0.0000,0.0000,0.0000,1.0000
238.2062,0.0000,0.0000,0.0000,1.0000
240.3584,0.0000,0.0000,0.0000,1.0000
242.5301,0.0000,0.0000,0.0000,1.0000
244.7214,0.0000,0.0000,0.0000,1.0000
246.9324,0.0000,0.0000,0.0000,1.0000
249.1635,0.0000,0.0000,0.0000,1.0000
251.4147,0.0000,0.0000,0.0000,1.0000
253.6862,0.0000,0.0000,0.0000,1.0000
255.9783,0.0000,0.0000,0.0000,1.0000
258.2911,0.0000,0.0000,0.0000,1.0000
260.6247,0.0000,0.0000,0.0000,1.0000
262.9795,0.0000,0.0000,0.0000,1.0000
265.3555,0.0000,0.0000,0.0000,1.0000
267.7530,0.0000,0.0000,0.0000,1.0000
270.1722,0.0000,0.0000,0.0000,1.0000
272.6132,0.0000,0.0000,0.0000,1.0000
275.0763,0.0000,0.0000,0.0000,1.0000
277.5616,0.0000,0.0000,0.0000,1.0000
280.0694,0.0000,0.0000,0.0000,1.0000
282.5998,0.0000,0.0000,0.0000,1.0000
285.1531,0.0000,0.0000,0.0000,1.0000
287.7295,0.0000,0.0000,0.0000,1.0000
290.3291,0.0000,0.0000,0.0000,1.0000
292.9523,0.0000,0.0000,0.0000,1.0000
295.5991,0.0000,0.0000,0.0000,1.0000
298.2699,0.0000,0.0000,0.0000,1.0000
300.9647,0.0000,0.0000,0.0000,1.0000
303.6840,0.0000,0.0000,0.0000,1.0000
306.4278,0.0000,0.0000,0.0000,1.0000
309.1964,0.0000,0.0000,0.0000,1.0000
311.9900,0.0000,0.0000,0.0000,1.0000
314.8088,0.0000,0.0000,0.0000,1.0000
317.6531,0.0000,0.0000,0.0000,1.0000
320.5231,0.0000,0.0000,0.0000,1.0000
323.4191,0.0000,0.0000,0.0000,1.0000
326.3412,0.0000,0.0000,0.0000,1.0000
329.2897,0.0000,0.0000,0.0000,1.0000
332.2648,0.0000,0.0000,0.0000,1.0000
335.2669,0.0000,0.0000,0.0000,1.0000
338.2960,0.0000,0.0000,0.0000,1.0000
341.3525,0.0000,0.0000,0.0000,1.0000
344.4367,0.0000,0.0000,0.0000,1.0000
347.5487,0.0000,0.0000,0.0000,1.0000
350.6888,0.0000,0.0000,0.0000,1.0000
353.8573,0.0000,0.0000,0.0000,1.0000
357.0544,0.0000,0.0000,0.0000,1.0000
360.2804,0.0000,0.0000,0.0000,1.0000
363.5355,0.0000,0.0000,0.0000,1.0000
366.8201,0.0000,0.0000,0.0000,1.0000
370.1343,0.0000,0.0000,0.0000,1.0000
373.4785,0.0000,0.0000,0.0000,1.0000
376.8529,0.0000,0.0000,0.0000,1.0000
380.2578,0.0000,0.0000,0.0000,1.0000
383.6934,0.0000,0.0000,0.0000,1.0000
387.1601,0.0000,0.0000,0.0000,1.0000
390.6581,0.0000,0.0000,0.0000,1.0000
394.1878,0.0000,0.0000,0.0000,1.0000
397.7493,0.0000,0.0000,0.0000,1.0000
401.3429,0.0000,0.0000,0.0000,1.0000
404.9691,0.0000,0.0000,0.0000,1.0000
408.6280,0.0000,0.0000,0.0000,1.0000
412.3200,0.0000,0.0000,0.0000,1.0000
416.0453,0.0000,0.0000,0.0000,1.0000
419.8043,0.0000,0.0000,0.0000,1.0000
423.5972,0.0000,0.0000,0.0000,1.0000
427.4245,0.0000,0.0000,0.0000,1.0000
431.2863,0.0000,0.0000,0.0000,1.0000
435.1830,0.0000,0.0000,0.0000,1.0000
439.1149,0.0000,0.0000,0.0000,1.0000
443.0823,0.0000,0.0000,0.0000,1.0000
447.0855,0.0000,0.0000,0.0000,1.0000
451.1250,0.0000,0.0000,0.0000,1.0000
455.2009,0.0000,0.0000,0.0000,1.0000
459.3137,0.0000,0.0000,0.0000,1.0000
463.4636,0.0000,0.0000,0.0000,1.0000
467.6510,0.0000,0.0000,0.0000,1.0000
471.8763,0.0000,0.0000,0.0000,1.0000
476.1397,0.0000,0.0000,0.0000,1.0000
480.4416,0.0000,0.0000,0.0000,1.0000
484.7824,0.0000,0.0000,0.0000,1.0000
489.1625,0.0000,0.0000,0.0000,1.0000
493.5821,0.0000,0.0000,0.0000,1.0000
498.0416,0.0000,0.0000,0.0000,1.0000
502.5414,0.0000,0.0000,0.0000,1.0000
507.0819,0.0000,0.0000,0.0000,1.0000
511.6634,0.0000,0.0000,0.0000,1.0000
516.2863,0.0000,0.0000,0.0000,1.0000
520.9510,0.0000,0.0000,0.0000,1.0000
525.6578,0.0000,0.0000,0.0000,1.0000
530.4072,0.0000,0.0000,0.0000,1.0000
535.1994,0.0000,0.0000,0.0000,1.0000
540.0350,0.0000,0.0000,0.0000,1.0000
544.9142,0.0000,0.0000,0.0000,1.0000
549.8375,0.0000,0.0000,0.0000,1.0000
554.8053,0.0000,0.0000,0.0000,1.0000
559.8180,0.0000,0.0000,0.0000,1.0000
564.8760,0.0000,0.0000,0.0000,1.0000
569.9797,0.0000,0.0000,0.0000,1.0000
575.1295,0.0000,0.0000,0.0000,1.0000
580.3258,0.0000,0.0000,0.0000,1.0000
585.5691,0.0000,0.0000,0.0000,1.0000
590.8597,0.0000,0.0000,0.0000,1.0000
596.1982,0.0000,0.0000,0.0000,1.0000
601.5848,0.0000,0.0000,0.0000,1.0000
607.0202,0.0000,0.0000,0.0000,1.0000
612.5046,0.0000,0.0000,0.0000,1.0000
618.0386,0.0000,0.0000,0.0000,1.0000
623.6226,0.0000,0.0000,0.0000,1.0000
629.2571,0.0000,0.0000,0.0000,1.0000
634.9425,0.0000,0.0000,0.0000,1.0000
640.6792,0.0000,0.0000,0.0000,1.0000
646.4678,0.0000,0.0000,0.0000,1.0000
652.3086,0.0000,0.0000,0.0000,1.0000
658.2023,0.0000,0.0000,0.0000,1.0000
664.1492,0.0000,0.0000,0.0000,1.0000
670.1498,0.0000,0.0000,0.0000,1.0000
676.2046,0.0000,0.0000,0.0000,1.0000
682.3141,0.0000,0.0000,0.0000,1.0000
688.4789,0.0000,0.0000,0.0000,1.0000
694.6993,0.0000,0.0000,0.0000,1.0000
700.9760,0.0000,0.0000,0.0000,1.0000
707.3093,0.0000,0.0000,0.0000,1.0000
713.6999,0.0000,0.0000,0.0000,1.0000
720.1482,0.0000,0.0000,0.0000,1.0000
726.6548,0.0000,0.0000,0.0000,1.0000
733.2201,0.0000,0.0000,0.0000,1.0000
739.8448,0.0000,0.0000,0.0000,1.0000
746.5293,0.0000,0.0000,0.0000,1.0000
753.2743,0.0000,0.0000,0.0000,1.0000
760.0801,0.0000,0.0000,0.0000,1.0000
766.9475,0.0000,0.0000,0.0000,1.0000
773.8769,0.0000,0.0000,0.0000,1.0000
780.8689,0.0000,0.0000,0.0000,1.0000
787.9241,0.0000,0.0000,0.0000,1.0000
795.0430,0.0000,0.0000,0.0000,1.0000
802.2263,0.0000,0.0000,0.0000,1.0000
809.4744,0.0000,0.0000,0.0000,1.0000
816.7880,0.0000,0.0000,0.0000,1.0000
824.1678,0.0000,0.0000,0.0000,1.0000
831.6142,0.0000,0.0000,0.0000,1.0000
839.1278,0.0000,0.0000,0.0000,1.0000
846.7094,0.0000,0.0000,0.0000,1.0000
854.3594,0.0000,0.0000,0.0000,1.0000
862.0786,0.0000,0.0000,0.0000,1.0000
869.8675,0.0000,0.0000,0.0000,1.0000
877.7268,0.0000,0.0000,0.0000,1.0000
885.6571,0.0000,0.0000,0.0000,1.0000
893.6591,0.0000,0.0000,0.0000,1.0000
901.7333,0.0000,0.0000,0.0000,1.0000
909.8805,0.0000,0.0000,0.0000,1.0000
918.1013,0.0000,0.0000,0.0000,1.0000
926.3964,0.0000,0.0000,0.0000,1.0000
934.7665,0.0000,0.0000,0.0000,1.0000
943.2121,0.0000,0.0000,0.0000,1.0000
951.7341,0.0000,0.0000,0.0000,1.0000
960.3330,0.0000,0.0000,0.0000,1.0000
969.0097,0.0000,0.0000,0.0000,1.0000
977.7647,0.0000,0.0000,0.0000,1.0000
986.5989,0.0000,0.0000,0.0000,1.0000
995.5129,0.0000,0.0000,0.0000,1.0000
1004.5074,0.0000,0.0000,0.0000,1.0000
1013.5831,0.0000,0.0000,0.0000,1.0000
1022.7409,0.0000,0.0000,0.0000,1.0000
1031.9814,0.0000,0.0000,0.0000,1.0000
1041.3054,0.0000,0.0000,0.0000,1.0000
1050.7137,0.0000,0.0000,0.0000,1.0000
1060.2069,0.0000,0.0000,0.0000,1.0000
1069.7859,0.0000,0.0000,0.0000,1.0000
1079.4515,0.0000,0.0000,0.0000,1.0000
1089.2044,0.0000,0.0000,0.0000,1.0000
1099.0454,0.0000,0.0000,0.0000,1.0000
1108.9753,0.0000,0.0000,0.0000,1.0000
1118.9949,0.0000,0.0000,0.0000,1.0000
1129.1051,0.0000,0.0000,0.0000,1.0000
1139.3066,0.0000,0.0000,0.0000,1.0000
1149.6003,0.0000,0.0000,0.0000,1.0000
1159.9870,0.0000,0.0000,0.0000,1.0000
1170.4675,0.0000,0.0000,0.0000,1.0000
1181.0428,0.0000,0.0000,0.0000,1.0000
1191.7135,0.0000,0.0000,0.0000,1.0000
1202.4807,0.0000,0.0000,0.0000,1.0000
1213.3452,0.0000,0.0000,0.0000,1.0000
1224.3078,0.0000,0.0000,0.0000,1.0000
1235.3695,0.0000,0.0000,0.0000,1.0000
1246.5311,0.0000,0.0000,0.0000,1.0000
1257.7936,0.0000,0.0000,0.0000,1.0000
1269.1578,0.0000,0.0000,0.0000,1.0000
1280.6247,0.0000,0.0000,0.0000,1.0000
1292.1952,0.0000,0.0000,0.0000,1.0000
1303.8702,0.0000,0.0000,0.0000,1.0000
1315.6508,0.0000,0.0000,0.0000,1.0000
1327.5377,0.0000,0.0000,0.0000,1.0000
1339.5321,0.0000,0.0000,0.0000,1.0000
1351.6348,0.0000,0.0000,0.0000,1.0000
1363.8469,0.0000,0.0000,0.0000,1.0000
1376.1693,0.0000,0.0000,0.0000,1.0000
1388.6031,0.0000,0.0000,0.0000,1.0000
1401.1492,0.0000,0.0000,0.0000,1.0000
1413.8086,0.0000,0.0000,0.0000,1.0000
1426.5824,0.0000,0.0000,0.0000,1.0000
1439.4717,0.0000,0.0000,0.0000,1.0000
1452.4774,0.0000,0.0000,0.0000,1.0000
1465.6006,0.0000,0.0000,0.0000,1.0000
1478.8423,0.0000,0.0000,0.0000,1.0000
1492.2037,0.0000,0.0000,0.0000,1.0000
1505.6859,0.0000,0.0000,0.0000,1.0000
1519.2898,0.0000,0.0000,0.0000,1.0000
1533.0167,0.0000,0.0000,0.0000,1.0000
1546.8675,0.0000,0.0000,0.0000,1.0000
1560.8436,0.0000,0.0000,0.0000,1.0000
1574.9458,0.0000,0.0000,0.0000,1.0000
1589.1756,0.0000,0.0000,0.0000,1.0000
1603.5338,0.0000,0.0000,0.0000,1.0000
1618.0218,0.0000,0.0000,0.0000,1.0000
1632.6407,0.0000,0.0000,0.0000,1.0000
1647.3917,0.0000,0.0000,0.0000,1.0000
1662.2760,0.0000,0.0000,0.0000,1.0000
1677.2947,0.0000,0.0000,0.0000,1.0000
1692.4491,0.0000,0.0000,0.0000,1.0000
1707.7405,0.0000,0.0000,0.0000,1.0000
1723.1700,0.0000,0.0000,0.0000,1.0000
1738.7389,0.0000,0.0000,0.0000,1.0000
1754.4485,0.0000,0.0000,0.0000,1.0000
1770.3000,0.0000,0.0000,0.0000,1.0000
1786.2948,0.0000,0.0000,0.0000,1.0000
1802.4340,0.0000,0.0000,0.0000,1.0000
1818.7191,0.0000,0.0000,0.0000,1.0000
1835.1513,0.0000,0.0000,0.0000,1.0000
1851.7320,0.0000,0.0000,0.0000,1.0000
1868.4625,0.0000,0.0000,0.0000,1.0000
1885.3441,0.0000,0.0000,0.0000,1.0000
1902.3783,0.0000,0.0000,0.0000,1.0000
1919.5663,0.0000,0.0000,0.0000,1.0000
1936.9097,0.0000,0.0000,0.0000,1.0000
1954.4098,0.0000,0.0000,0.0000,1.0000
1972.0679,0.0000,0.0000,0.0000,1.0000
1989.8857,0.0000,0.0000,0.0000,1.0000
2007.8644,0.0000,0.0000,0.0000,1.0000
2026.0055,0.0000,0.0000,0.0000,1.0000
2044.3106,0.0000,0.0000,0.0000,1.0000
2062.7810,0.0000,0.0000,0.0000,1.0000
2081.4183,0.0000,0.0000,0.0000,1.0000
2100.2240,0.0000,0.0000,0.0000,1.0000
2119.1997,0.0000,0.0000,0.0000,1.0000
2138.3467,0.0000,0.0000,0.0000,1.0000
2157.6668,0.0000,0.0000,0.0000,1.0000
2177.1614,0.0000,0.0000,0.0000,1.0000
2196.8321,0.0000,0.0000,0.0000,1.0000
2216.6806,0.0000,0.0000,0.0000,1.0000
2236.7084,0.0000,0.0000,0.0000,1.0000
2256.9172,0.0000,0.0000,0.0000,1.0000
2277.3085,0.0000,0.0000,0.0000,1.0000
2297.8841,0.0000,0.0000,0.0000,1.0000
2318.6456,0.0000,0.0000,0.0000,1.0000
2339.5947,0.0000,0.0000,0.0000,1.0000
2360.7330,0.0000,0.0000,0.0000,1.0000
2382.0624,0.0000,0.0000,0.0000,1.0000
2403.5844,0.0000,0.0000,0.0000,1.0000
2425.3009,0.0000,0.0000,0.0000,1.0000
2447.2136,0.0000,0.0000,0.0000,1.0000
2469.3243,0.0000,0.0000,0.0000,1.0000
2491.6347,0.0000,0.0000,0.0000,1.0000
2514.1468,0.0000,0.0000,0.0000,1.0000
2536.8622,0.0000,0.0000,0.0000,1.0000
2559.7828,0.0000,0.0000,0.0000,1.0000
2582.9106,0.0000,0.0000,0.0000,1.0000
2606.2473,0.0000,0.0000,0.0000,1.0000
2629.7949,0.0000,0.0000,0.0000,1.0000
2653.5552,0.0000,0.0000,0.0000,1.0000
2677.5302,0.0000,0.0000,0.0000,1.0000
2701.7218,0.0000,0.0000,0.0000,1.0000
2726.1320,0.0000,0.0000,0.0000,1.0000
2750.7627,0.0000,0.0000,0.0000,1.0000
2775.6160,0.0000,0.0000,0.0000,1.0000
2800.6938,0.0000,0.0000,0.0000,1.0000
2825.9982,0.0000,0.0000,0.0000,1.0000
2851.5312,0.0000,0.0000,0.0000,1.0000
2877.2949,0.0000,0.0000,0.0000,1.0000
2903.2914,0.0000,0.0000,0.0000,1.0000
2929.5228,0.0000,0.0000,0.0000,1.0000
2955.9911,0.0000,0.0000,0.0000,1.0000
2982.6986,0.0000,0.0000,0.0000,1.0000
3009.6474,0.0000,0.0000,0.0000,1.0000
3036.8397,0.0000,0.0000,0.0000,1.0000
3064.2777,0.0000,0.0000,0.0000,1.0000
3091.9636,0.0000,0.0000,0.0000,1.0000
3119.8996,0.0000,0.0000,0.0000,1.0000
3148.0881,0.0000,0.0000,0.0000,1.0000
3176.5312,0.0000,0.0000,0.0000,1.0000
3205.2313,0.0000,0.0000,0.0000,1.0000
3234.1907,0.0000,0.0000,0.0000,1.0000
3263.4118,0.0000,0.0000,0.0000,1.0000
3292.8968,0.0000,0.0000,0.0000,1.0000
3322.6483,0.0000,0.0000,0.0000,1.0000
3352.6686,0.0000,0.0000,0.0000,1.0000
3382.9601,0.0000,0.0000,0.0000,1.0000
3413.5253,0.0000,0.0000,0.0000,1.0000
3444.3666,0.0000,0.0000,0.0000,1.0000
3475.4867,0.0000,0.0000,0.0000,1.0000
3506.8878,0.0000,0.0000,0.0000,1.0000
3538.5727,0.0000,0.0000,0.0000,1.0000
3570.5439,0.0000,0.0000,0.0000,1.0000
3602.8039,0.0000,0.0000,0.0000,1.0000
3635.3554,0.0000,0.0000,0.0000,1.0000
3668.2010,0.0000,0.0000,0.0000,1.0000
3701.3434,0.0000,0.0000,0.0000,1.0000
3734.7852,0.0000,0.0000,0.0000,1.0000
3768.5291,0.0000,0.0000,0.0000,1.0000
3802.5779,0.0000,0.0000,0.0000,1.0000
3836.9344,0.0000,0.0000,0.0000,1.0000
3871.6013,0.0000,0.0000,0.0000,1.0000
3906.5814,0.0000,0.0000,0.0000,1.0000
3941.8775,0.0000,0.0000,0.0000,1.0000
3977.4926,0.0000,0.0000,0.0000,1.0000
4013.4294,0.0000,0.0000,0.0000,1.0000
4049.6909,0.0000,0.0000,0.0000,1.0000
4086.2800,0.0000,0.0000,0.0000,1.0000
4123.1998,0.0000,0.0000,0.0000,1.0000
4160.4530,0.0000,0.0000,0.0000,1.0000
4198.0429,0.0000,0.0000,0.0000,1.0000
4235.9724,0.0000,0.0000,0.0000,1.0000
4274.2446,0.0000,0.0000,0.0000,1.0000
4312.8626,0.0000,0.0000,0.0000,1.0000
4351.8295,0.0000,0.0000,0.0000,1.0000
4391.1485,0.0000,0.0000,0.0000,1.0000
4430.8227,0.0000,0.0000,0.0000,1.0000
4470.8554,0.0000,0.0000,0.0000,1.0000
4511.2498,0.0000,0.0000,0.0000,1.0000
4552.0091,0.0000,0.0000,0.0000,1.0000
4593.1367,0.0000,0.0000,0.0000,1.0000
4634.6359,0.0000,0.0000,0.0000,1.0000
4676.5101,0.0000,0.0000,0.0000,1.0000
4718.7626,0.0000,0.0000,0.0000,1.0000
4761.3968,0.0000,0.0000,0.0000,1.0000
4804.4162,0.0000,0.0000,0.0000,1.0000
4847.8243,0.0000,0.0000,0.0000,1.0000
4891.6247,0.0000,0.0000,0.0000,1.0000
4935.8207,0.0000,0.0000,0.0000,1.0000
4980.4161,0.0000,0.0000,0.0000,1.0000
5025.4143,0.0000,0.0000,0.0000,1.0000
5070.8192,0.0000,0.0000,0.0000,1.0000
5116.6343,0.0000,0.0000,0.0000,1.0000
5162.8633,0.0000,0.0000,0.0000,1.0000
5209.5100,0.0000,0.0000,0.0000,1.0000
5256.5781,0.0000,0.0000,0.0000,1.0000
5304.0716,0.0000,0.0000,0.0000,1.0000
5351.9941,0.0000,0.0000,0.0000,1.0000
5400.3496,0.0000,0.0000,0.0000,1.0000
5449.1420,0.0000,0.0000,0.0000,1.0000
5498.3752,0.0000,0.0000,0.0000,1.0000
5548.0533,0.0000,0.0000,0.0000,1.0000
5598.1802,0.0000,0.0000,0.0000,1.0000
5648.7600,0.0000,0.0000,0.0000,1.0000
5699.7968,0.0000,0.0000,0.0000,1.0000
5751.2947,0.0000,0.0000,0.0000,1.0000
5803.2579,0.0000,0.0000,0.0000,1.0000
5855.6906,0.0000,0.0000,0.0000,1.0000
5908.5971,0.0000,0.0000,0.0000,1.0000
5961.9815,0.0000,0.0000,0.0000,1.0000
6015.8483,0.0000,0.0000,0.0000,1.0000
6070.2017,0.0000,0.0000,0.0000,1.0000
6125.0463,0.0000,0.0000,0.0000,1.0000
6180.3864,0.0000,0.0000,0.0000,1.0000
6236.2264,0.0000,0.0000,0.0000,1.0000
6292.5710,0.0000,0.0000,0.0000,1.0000
6349.4247,0.0000,0.0000,0.0000,1.0000
6406.7920,0.0000,0.0000,0.0000,1.0000
6464.6777,0.0000,0.0000,0.0000,1.0000
6523.0863,0.0000,0.0000,0.0000,1.0000
6582.0227,0.0000,0.0000,0.0000,1.0000
6641.4916,0.0000,0.0000,0.0000,1.0000
6701.4977,0.0000,0.0000,0.0000,1.0000
6762.0461,0.0000,0.0000,0.0000,1.0000
6823.1415,0.0000,0.0000,0.0000,1.0000
6884.7888,0.0000,0.0000,0.0000,1.0000
6946.9932,0.0000,0.0000,0.0000,1.0000
7009.7596,0.0000,0.0000,0.0000,1.0000
7073.0931,0.0000,0.0000,0.0000,1.0000
7136.9988,0.0000,0.0000,0.0000,1.0000
7201.4819,0.0000,0.0000,0.0000,1.0000
7266.5476,0.0000,0.0000,0.0000,1.0000
7332.2012,0.0000,0.0000,0.0000,1.0000
7398.4480,0.0000,0.0000,0.0000,1.0000
7465.2933,0.0000,0.0000,0.0000,1.0000
7532.7426,0.0000,0.0000,0.0000,1.0000
7600.8012,0.0000,0.0000,0.0000,1.0000
7669.4748,0.0000,0.0000,0.0000,1.0000
7738.7689,0.0000,0.0000,0.0000,1.0000
7808.6890,0.0000,0.0000,0.0000,1.0000
7879.2408,0.0000,0.0000,0.0000,1.0000
7950.4301,0.0000,0.0000,0.0000,1.0000
8022.2626,0.0000,0.0000,0.0000,1.0000
8094.7441,0.0000,0.0000,0.0000,1.0000
8167.8805,0.0000,0.0000,0.0000,1.0000
8241.6777,0.0000,0.0000,0.0000,1.0000
8316.1416,0.0000,0.0000,0.0000,1.0000
8391.2783,0.0000,0.0000,0.0000,1.0000
8467.0939,0.0000,0.0000,0.0000,1.0000
8543.5945,0.0000,0.0000,0.0000,1.0000
8620.7862,0.0000,0.0000,0.0000,1.0000
8698.6754,0.0000,0.0000,0.0000,1.0000
8777.2683,0.0000,0.0000,0.0000,1.0000
8856.5713,0.0000,0.0000,0.0000,1.0000
8936.5909,0.0000,0.0000,0.0000,1.0000
9017.3334,0.0000,0.0000,0.0000,1.0000
9098.8054,0.0000,0.0000,0.0000,1.0000
9181.0135,0.0000,0.0000,0.0000,1.0000
9263.9643,0.0000,0.0000,0.0000,1.0000
9347.6647,0.0000,0.0000,0.0000,1.0000
9432.1213,0.0000,0.0000,0.0000,1.0000
9517.3409,0.0000,0.0000,0.0000,1.0000
9603.3305,0.0000,0.0000,0.0000,1.0000
9690.0970,0.0000,0.0000,0.0000,1.0000
9777.6475,0.0000,0.0000,0.0000,1.0000
9865.9890,0.0000,0.0000,0.0000,1.0000
9955.1286,0.0000,0.0000,0.0000,1.0000
10045.0736,0.0000,0.0000,0.0000,1.0000
10135.8313,0.0000,0.0000,0.0000,1.0000
10227.4090,0.0000,0.0000,0.0000,1.0000
10319.8141,0.0000,0.0000,0.0000,1.0000
10413.0541,0.0000,0.0000,0.0000,1.0000
10507.1365,0.0000,0.0000,0.0000,1.0000
10602.0690,0.0000,0.0000,0.0000,1.0000
10697.8591,0.0000,0.0000,0.0000,1.0000
10794.5148,0.0000,0.0000,0.0000,1.0000
10892.0437,0.0000,0.0000,0.0000,1.0000
10990.4538,0.0000,0.0000,0.0000,1.0000
11089.7530,0.0000,0.0000,0.0000,1.0000
11189.9495,0.0000,0.0000,0.0000,1.0000
11291.0512,0.0000,0.0000,0.0000,1.0000
11393.0663,0.0000,0.0000,0.0000,1.0000
11496.0032,0.0000,0.0000,0.0000,1.0000
11599.8701,0.0000,0.0000,0.0000,1.0000
11704.6754,0.0000,0.0000,0.0000,1.0000
11810.4277,0.0000,0.0000,0.0000,1.0000
11917.1354,0.0000,0.0000,0.0000,1.0000
12024.8073,0.0000,0.0000,0.0000,1.0000
12133.4520,0.0000,0.0000,0.0000,1.0000
12243.0782,0.0000,0.0000,0.0000,1.0000
12353.6950,0.0000,0.0000,0.0000,1.0000
12465.3112,0.0000,0.0000,0.0000,1.0000
12577.9358,0.0000,0.0000,0.0000,1.0000
12691.5781,0.0000,0.0000,0.0000,1.0000
12806.2470,0.0000,0.0000,0.0000,1.0000
12921.9520,0.0000,0.0000,0.0000,1.0000
13038.7025,0.0000,0.0000,0.0000,1.0000
13156.5077,0.0000,0.0000,0.0000,1.0000
13275.3774,0.0000,0.0000,0.0000,1.0000
13395.3210,0.0000,0.0000,0.0000,1.0000
13516.3483,0.0000,0.0000,0.0000,1.0000
13638.4691,0.0000,0.0000,0.0000,1.0000
13761.6933,0.0000,0.0000,0.0000,1.0000
13886.0308,0.0000,0.0000,0.0000,1.0000
14011.4917,0.0000,0.0000,0.0000,1.0000
14138.0862,0.0000,0.0000,0.0000,1.0000
14265.8244,0.0000,0.0000,0.0000,1.0000
14394.7168,0.0000,0.0000,0.0000,1.0000
14524.7737,0.0000,0.0000,0.0000,1.0000
14656.0057,0.0000,0.0000,0.0000,1.0000
14788.4234,0.0000,0.0000,0.0000,1.0000
14922.0374,0.0000,0.0000,0.0000,1.0000
15056.8587,0.0000,0.0000,0.0000,1.0000
15192.8981,0.0000,0.0000,0.0000,1.0000
15330.1666,0.0000,0.0000,0.0000,1.0000
15468.6754,0.0000,0.0000,0.0000,1.0000
15608.4355,0.0000,0.0000,0.0000,1.0000
15749.4584,0.0000,0.0000,0.0000,1.0000
15891.7555,0.0000,0.0000,0.0000,1.0000
16035.3382,0.0000,0.0000,0.0000,1.0000
16180.2182,0.0000,0.0000,0.0000,1.0000
16326.4072,0.0000,0.0000,0.0000,1.0000
16473.9171,0.0000,0.0000,0.0000,1.0000
16622.7596,0.0000,0.0000,0.0000,1.0000
16772.9470,0.0000,0.0000,0.0000,1.0000
16924.4913,0.0000,0.0000,0.0000,1.0000
17077.4049,0.0000,0.0000,0.0000,1.0000
17231.7000,0.0000,0.0000,0.0000,1.0000
17387.3892,0.0000,0.0000,0.0000,1.0000
17544.4850,0.0000,0.0000,0.0000,1.0000
17703.0002,0.0000,0.0000,0.0000,1.0000
17862.9476,0.0000,0.0000,0.0000,1.0000
18024.3402,0.0000,0.0000,0.0000,1.0000
18187.1909,0.0000,0.0000,0.0000,1.0000
18351.5130,0.0000,0.0000,0.0000,1.0000
18517.3197,0.0000,0.0000,0.0000,1.0000
18684.6245,0.0000,0.0000,0.0000,1.0000
18853.4409,0.0000,0.0000,0.0000,1.0000
19023.7826,0.0000,0.0000,0.0000,1.0000
19195.6634,0.0000,0.0000,0.0000,1.0000
19369.0970,0.0000,0.0000,0.0000,1.0000
19544.0977,0.0000,0.0000,0.0000,1.0000
19720.6795,0.0000,0.0000,0.0000,1.0000
19898.8567,0.0000,0.0000,0.0000,1.0000
20078.6438,0.0000,0.0000,0.0000,1.0000
20260.0552,0.0000,0.0000,0.0000,1.0000
20443.1057,0.0000,0.0000,0.0000,1.0000
20627.8101,0.0000,0.0000,0.0000,1.0000
20814.1833,0.0000,0.0000,0.0000,1.0000
21002.2404,0.0000,0.0000,0.0000,1.0000
21191.9966,0.0000,0.0000,0.0000,1.0000
21383.4672,0.0000,0.0000,0.0000,1.0000
21576.6678,0.0000,0.0000,0.0000,1.0000
21771.6140,0.0000,0.0000,0.0000,1.0000
21968.3215,0.0000,0.0000,0.0000,1.0000
22166.8062,0.0000,0.0000,0.0000,1.0000
22367.0843,0.0000,0.0000,0.0000,1.0000
22569.1719,0.0000,0.0000,0.0000,1.0000
22773.0854,0.0000,0.0000,0.0000,1.0000
22978.8413,0.0000,0.0000,0.0000,1.0000
23186.4561,0.0000,0.0000,0.0000,1.0000
23395.9468,0.0000,0.0000,0.0000,1.0000
23607.3302,0.0000,0.0000,0.0000,1.0000
23820.6235,0.0000,0.0000,0.0000,1.0000
24035.8439,0.0000,0.0000,0.0000,1.0000
24253.0088,0.0000,0.0000,0.0000,1.0000
24472.1359,0.0000,0.0000,0.0000,1.0000
24693.2427,0.0000,0.0000,0.0000,1.0000
24916.3473,0.0000,0.0000,0.0000,1.0000
25141.4676,0.0000,0.0000,0.0000,1.0000
25368.6219,0.0000,0.0000,0.0000,1.0000
25597.8285,0.0000,0.0000,0.0000,1.0000
25829.1060,0.0000,0.0000,0.0000,1.0000
26062.4732,0.0000,0.0000,0.0000,1.0000
26297.9488,0.0000,0.0000,0.0000,1.0000
26535.5519,0.0000,0.0000,0.0000,1.0000
26775.3018,0.0000,0.0000,0.0000,1.0000
27017.2179,0.0000,0.0000,0.0000,1.0000
27261.3196,0.0000,0.0000,0.0000,1.0000
27507.6269,0.0000,0.0000,0.0000,1.0000
27756.1595,0.0000,0.0000,0.0000,1.0000
28006.9377,0.0000,0.0000,0.0000,1.0000
28259.9816,0.0000,0.0000,0.0000,1.0000
28515.3118,0.0000,0.0000,0.0000,1.0000
28772.9489,0.0000,0.0000,0.0000,1.0000
29032.9138,0.0000,0.0000,0.0000,1.0000
29295.2275,0.0000,0.0000,0.0000,1.0000
29559.9112,0.0000,0.0000,0.0000,1.0000
29826.9863,0.0000,0.0000,0.0000,1.0000
30096.4745,0.0000,0.0000,0.0000,1.0000
30368.3975,0.0000,0.0000,0.0000,1.0000
30642.7773,0.0000,0.0000,0.0000,1.0000
30919.6362,0.0000,0.0000,0.0000,1.0000
31198.9965,0.0000,0.0000,0.0000,1.0000
31480.8808,0.0000,0.0000,0.0000,1.0000
31765.3120,0.0000,0.0000,0.0000,1.0000
32052.3130,0.0000,0.0000,0.0000,1.0000
32341.9071,0.0000,0.0000,0.0000,1.0000
32634.1177,0.0000,0.0000,0.0000,1.0000
32928.9684,0.0000,0.0000,0.0000,1.0000
33226.4831,0.0000,0.0000,0.0000,1.0000
33526.6858,0.0000,0.0000,0.0000,1.0000
33829.6010,0.0000,0.0000,0.0000,1.0000
34135.2529,0.0000,0.0000,0.0000,1.0000
34443.6665,0.0000,0.0000,0.0000,1.0000
34754.8665,0.0000,0.0000,0.0000,1.0000
35068.8783,0.0000,0.0000,0.0000,1.0000
35385.7272,0.0000,0.0000,0.0000,1.0000
35705.4388,0.0000,0.0000,0.0000,1.0000
36028.0391,0.0000,0.0000,0.0000,1.0000
36353.5540,0.0000,0.0000,0.0000,1.0000
36682.0100,0.0000,0.0000,0.0000,1.0000
37013.4336,0.0000,0.0000,0.0000,1.0000
37347.8516,0.0000,0.0000,0.0000,1.0000
37685.2912,0.0000,0.0000,0.0000,1.0000
38025.7795,0.0000,0.0000,0.0000,1.0000
38369.3441,0.0000,0.0000,0.0000,1.0000
38716.0128,0.0000,0.0000,0.0000,1.0000
39065.8137,0.0000,0.0000,0.0000,1.0000
39418.7751,0.0000,0.0000,0.0000,1.0000
39774.9255,0.0000,0.0000,0.0000,1.0000
40134.2937,0.0000,0.0000,0.0000,1.0000
40496.9089,0.0000,0.0000,0.0000,1.0000
40862.8003,0.0000,0.0000,0.0000,1.0000
41231.9975,0.0000,0.0000,0.0000,1.0000
41604.5305,0.0000,0.0000,0.0000,1.0000
41980.4293,0.0000,0.0000,0.0000,1.0000
42359.7243,0.0000,0.0000,0.0000,1.0000
42742.4463,0.0000,0.0000,0.0000,1.0000
43128.6262,0.0000,0.0000,0.0000,1.0000
43518.2953,0.0000,0.0000,0.0000,1.0000
43911.4851,0.0000,0.0000,0.0000,1.0000
44308.2273,0.0000,0.0000,0.0000,1.0000
44708.5541,0.0000,0.0000,0.0000,1.0000
45112.4979,0.0000,0.0000,0.0000,1.0000
45520.0914,0.0000,0.0000,0.0000,1.0000
45931.3674,0.0000,0.0000,0.0000,1.0000
46346.3594,0.0000,0.0000,0.0000,1.0000
46765.1008,0.0000,0.0000,0.0000,1.0000
47187.6256,0.0000,0.0000,0.0000,1.0000
47613.9679,0.0000,0.0000,0.0000,1.0000
48044.1623,0.0000,0.0000,0.0000,1.0000
48478.2434,0.0000,0.0000,0.0000,1.0000
48916.2465,0.0000,0.0000,0.0000,1.0000
49358.2070,0.0000,0.0000,0.0000,1.0000
49804.1606,0.0000,0.0000,0.0000,1.0000
50254.1434,0.0000,0.0000,0.0000,1.0000
50708.1919,0.0000,0.0000,0.0000,1.0000
51166.3427,0.0000,0.0000,0.0000,1.0000
51628.6329,0.0000,0.0000,0.0000,1.0000
52095.0999,0.0000,0.0000,0.0000,1.0000
52565.7814,0.0000,0.0000,0.0000,1.0000
53040.7156,0.0000,0.0000,0.0000,1.0000
53519.9409,0.0000,0.0000,0.0000,1.0000
54003.4959,0.0000,0.0000,0.0000,1.0000
54491.4200,0.0000,0.0000,0.0000,1.0000
54983.7524,0.0000,0.0000,0.0000,1.0000
55480.5330,0.0000,0.0000,0.0000,1.0000
55981.8021,0.0000,0.0000,0.0000,1.0000
56487.6002,0.0000,0.0000,0.0000,1.0000
56997.9682,0.0000,0.0000,0.0000,1.0000
57512.9474,0.0000,0.0000,0.0000,1.0000
58032.5795,0.0000,0.0000,0.0000,1.0000
58556.9065,0.0000,0.0000,0.0000,1.0000
59085.9707,0.0000,0.0000,0.0000,1.0000
59619.8151,0.0000,0.0000,0.0000,1.0000
60158.4828,0.0000,0.0000,0.0000,1.0000
60702.0174,0.0000,0.0000,0.0000,1.0000
61250.4629,0.0000,0.0000,0.0000,1.0000
61803.8635,0.0000,0.0000,0.0000,1.0000
62362.2642,0.0000,0.0000,0.0000,1.0000
62925.7101,0.0000,0.0000,0.0000,1.0000
63494.2467,0.0000,0.0000,0.0000,1.0000
64067.9201,0.0000,0.0000,0.0000,1.0000
64646.7766,0.0000,0.0000,0.0000,1.0000
65230.8631,0.0000,0.0000,0.0000,1.0000
65820.2269,0.0000,0.0000,0.0000,1.0000
66414.9156,0.0000,0.0000,0.0000,1.0000
67014.9773,0.0000,0.0000,0.0000,1.0000
67620.4607,0.0000,0.0000,0.0000,1.0000
68231.4145,0.0000,0.0000,0.0000,1.0000
68847.8884,0.0000,0.0000,0.0000,1.0000
69469.9322,0.0000,0.0000,0.0000,1.0000
70097.5961,0.0000,0.0000,0.0000,1.0000
70730.9311,0.0000,0.0000,0.0000,1.0000
71369.9882,0.0000,0.0000,0.0000,1.0000
72014.8193,0.0000,0.0000,0.0000,1.0000
72665.4764,0.0000,0.0000,0.0000,1.0000
73322.0122,0.0000,0.0000,0.0000,1.0000
73984.4799,0.0000,0.0000,0.0000,1.0000
74652.9330,0.0000,0.0000,0.0000,1.0000
75327.4256,0.0000,0.0000,0.0000,1.0000
76008.0122,0.0000,0.0000,0.0000,1.0000
76694.7480,0.0000,0.0000,0.0000,1.0000
77387.6885,0.0000,0.0000,0.0000,1.0000
78086.8898,0.0000,0.0000,0.0000,1.0000
78792.4083,0.0000,0.0000,0.0000,1.0000
79504.3013,0.0000,0.0000,0.0000,1.0000
80222.6262,0.0000,0.0000,0.0000,1.0000
80947.4412,0.0000,0.0000,0.0000,1.0000
81678.8050,0.0000,0.0000,0.0000,1.0000
82416.7766,0.0000,0.0000,0.0000,1.0000
83161.4159,0.0000,0.0000,0.0000,1.0000
83912.7830,0.0000,0.0000,0.0000,1.0000
84670.9388,0.0000,0.0000,0.0000,1.0000
85435.9445,0.0000,0.0000,0.0000,1.0000
86207.8621,0.0000,0.0000,0.0000,1.0000
86986.7540,0.0000,0.0000,0.0000,1.0000
87772.6832,0.0000,0.0000,0.0000,1.0000
88565.7134,0.0000,0.0000,0.0000,1.0000
89365.9085,0.0000,0.0000,0.0000,1.0000
90173.3335,0.0000,0.0000,0.0000,1.0000
90988.0536,0.0000,0.0000,0.0000,1.0000
91810.1348,0.0000,0.0000,0.0000,1.0000
92639.6435,0.0000,0.0000,0.0000,1.0000
93476.6468,0.0000,0.0000,0.0000,1.0000
94321.2125,0.0000,0.0000,0.0000,1.0000
95173.4089,0.0000,0.0000,0.0000,1.0000
96033.3049,0.0000,0.0000,0.0000,1.0000
96900.9701,0.0000,0.0000,0.0000,1.0000
97776.4747,0.0000,0.0000,0.0000,1.0000
98659.8896,0.0000,0.0000,0.0000,1.0000
99551.2861,0.0000,0.0000,0.0000,1.0000
100450.7364,0.0000,0.0000,0.0000,1.0000
101358.3133,0.0000,0.0000,0.0000,1.0000
102274.0902,0.0000,0.0000,0.0000,1.0000
103198.1412,0.0000,0.0000,0.0000,1.0000
104130.5411,0.0000,0.0000,0.0000,1.0000
105071.3652,0.0000,0.0000,0.0000,1.0000
106020.6897,0.0000,0.0000,0.0000,1.0000
106978.5914,0.0000,0.0000,0.0000,1.0000
107945.1477,0.0000,0.0000,0.0000,1.0000
108920.4370,0.0000,0.0000,0.0000,1.0000
109904.5380,0.0000,0.0000,0.0000,1.0000
110897.5304,0.0000,0.0000,0.0000,1.0000
111899.4946,0.0000,0.0000,0.0000,1.0000
112910.5115,0.0000,0.0000,0.0000,1.0000
113930.6631,0.0000,0.0000,0.0000,1.0000
114960.0317,0.0000,0.0000,0.0000,1.0000
115998.7008,0.0000,0.0000,0.0000,1.0000
117046.7542,0.0000,0.0000,0.0000,1.0000
118104.2769,0.0000,0.0000,0.0000,1.0000
119171.3543,0.0000,0.0000,0.0000,1.0000
120248.0729,0.0000,0.0000,0.0000,1.0000
121334.5196,0.0000,0.0000,0.0000,1.0000
122430.7824,0.0000,0.0000,0.0000,1.0000
123536.9500,0.0000,0.0000,0.0000,1.0000
124653.1119,0.0000,0.0000,0.0000,1.0000
125779.3584,0.0000,0.0000,0.0000,1.0000
126915.7805,0.0000,0.0000,0.0000,1.0000
128062.4703,0.0000,0.0000,0.0000,1.0000
129219.5205,0.0000,0.0000,0.0000,1.0000
130387.0246,0.0000,0.0000,0.0000,1.0000
131565.0772,0.0000,0.0000,0.0000,1.0000
132753.7736,0.0000,0.0000,0.0000,1.0000
133953.2099,0.0000,0.0000,0.0000,1.0000
135163.4832,0.0000,0.0000,0.0000,1.0000
136384.6913,0.0000,0.0000,0.0000,1.0000
137616.9331,0.0000,0.0000,0.0000,1.0000
138860.3083,0.0000,0.0000,0.0000,1.0000
140114.9174,0.0000,0.0000,0.0000,1.0000
141380.8619,0.0000,0.0000,0.0000,1.0000
142658.2444,0.0000,0.0000,0.0000,1.0000
143947.1680,0.0000,0.0000,0.0000,1.0000
145247.7371,0.0000,0.0000,0.0000,1.0000
146560.0569,0.0000,0.0000,0.0000,1.0000
147884.2336,0.0000,0.0000,0.0000,1.0000
149220.3743,0.0000,0.0000,0.0000,1.0000
150568.5871,0.0000,0.0000,0.0000,1.0000
151928.9810,0.0000,0.0000,0.0000,1.0000
153301.6662,0.0000,0.0000,0.0000,1.0000
154686.7536,0.0000,0.0000,0.0000,1.0000
156084.3553,0.0000,0.0000,0.0000,1.0000
157494.5845,0.0000,0.0000,0.0000,1.0000
158917.5551,0.0000,0.0000,0.0000,1.0000
160353.3824,0.0000,0.0000,0.0000,1.0000
161802.1824,0.0000,0.0000,0.0000,1.0000
163264.0723,0.0000,0.0000,0.0000,1.0000
164739.1705,0.0000,0.0000,0.0000,1.0000
166227.5963,0.0000,0.0000,0.0000,1.0000
167729.4701,0.0000,0.0000,0.0000,1.0000
169244.9134,0.0000,0.0000,0.0000,1.0000
170774.0488,0.0000,0.0000,0.0000,1.0000
172317.0000,0.0000,0.0000,0.0000,1.0000
173873.8918,0.0000,0.0000,0.0000,1.0000
175444.8502,0.0000,0.0000,0.0000,1.0000
177030.0023,0.0000,0.0000,0.0000,1.0000
178629.4763,0.0000,0.0000,0.0000,1.0000
180243.4016,0.0000,0.0000,0.0000,1.0000
181871.9089,0.0000,0.0000,0.0000,1.0000
183515.1297,0.0000,0.0000,0.0000,1.0000
185173.1971,0.0000,0.0000,0.0000,1.0000
186846.2453,0.0000,0.0000,0.0000,1.0000
188534.4095,0.0000,0.0000,0.0000,1.0000
190237.8263,0.0000,0.0000,0.0000,1.0000
191956.6336,0.0000,0.0000,0.0000,1.0000
193690.9704,0.0000,0.0000,0.0000,1.0000
195440.9770,0.0000,0.0000,0.0000,1.0000
197206.7950,0.0000,0.0000,0.0000,1.0000
198988.5672,0.0000,0.0000,0.0000,1.0000
200786.4379,0.0000,0.0000,0.0000,1.0000
